{"type":"FeatureCollection", "features": [
{"type":"Feature","geometry":{"type":"Polygon","coordinates":[[[150.702,-35.123],[150.673,-35.035],[150.687,-35.017],[150.741,-34.992],[150.775,-35.003],[150.785,-35.031],[150.774,-35.065],[150.807,-35.094],[150.833,-35.075],[150.834,-35.043],[150.821,-35.015],[150.785,-34.987],[150.781,-34.933],[150.751,-34.891],[150.75,-34.855],[150.762,-34.817],[150.792,-34.783],[150.828,-34.769],[150.86,-34.689],[150.856,-34.614],[150.884,-34.606],[150.869,-34.573],[150.87,-34.545],[150.813,-34.534],[150.815,-34.502],[150.856,-34.484],[150.886,-34.512],[150.909,-34.493],[150.9,-34.465],[150.907,-34.395],[150.93,-34.37],[150.92,-34.353],[150.926,-34.321],[150.993,-34.228],[151.045,-34.186],[151.122,-34.14],[151.172,-34.086],[151.156,-34.08],[151.165,-34.041],[151.137,-34.037],[151.125,-34.015],[151.149,-33.994],[151.168,-33.95],[151.198,-33.957],[151.249,-33.999],[151.266,-33.959],[151.258,-33.921],[151.286,-33.892],[151.266,-33.871],[151.206,-33.849],[151.261,-33.838],[151.261,-33.815],[151.3,-33.824],[151.288,-33.795],[151.302,-33.731],[151.298,-33.704],[151.341,-33.622],[151.326,-33.611],[151.297,-33.658],[151.275,-33.634],[151.311,-33.579],[151.298,-33.572],[151.261,-33.59],[151.218,-33.542],[151.187,-33.535],[151.149,-33.54],[151.154,-33.487],[151.21,-33.521],[151.241,-33.523],[151.277,-33.551],[151.302,-33.557],[151.319,-33.526],[151.346,-33.508],[151.314,-33.46],[151.332,-33.437],[151.36,-33.438],[151.343,-33.481],[151.359,-33.49],[151.349,-33.54],[151.388,-33.524],[151.406,-33.528],[151.434,-33.491],[151.444,-33.438],[151.487,-33.393],[151.489,-33.372],[151.439,-33.341],[151.441,-33.309],[151.519,-33.261],[151.507,-33.232],[151.55,-33.234],[151.574,-33.196],[151.6,-33.211],[151.635,-33.175],[151.651,-33.092],[151.617,-33.101],[151.605,-33.147],[151.584,-33.126],[151.528,-33.159],[151.518,-33.135],[151.565,-33.101],[151.513,-33.105],[151.546,-33.065],[151.582,-33.07],[151.591,-33.027],[151.584,-32.996],[151.63,-32.994],[151.633,-33.029],[151.675,-33.045],[151.729,-33.011],[151.727,-32.978],[151.772,-32.925],[151.783,-32.882],[151.768,-32.852],[151.773,-32.825],[151.819,-32.831],[151.793,-32.856],[151.81,-32.878],[151.882,-32.84],[151.951,-32.813],[152.062,-32.784],[152.115,-32.792],[152.126,-32.766],[152.175,-32.754],[152.186,-32.719],[152.162,-32.71],[152.091,-32.728],[152.076,-32.718],[152.042,-32.729],[152.022,-32.72],[151.959,-32.735],[151.943,-32.718],[151.978,-32.706],[151.954,-32.675],[151.973,-32.659],[152.002,-32.67],[152.047,-32.675],[152.069,-32.69],[152.108,-32.681],[152.186,-32.683],[152.191,-32.656],[152.214,-32.628],[152.283,-32.596],[152.302,-32.561],[152.364,-32.509],[152.446,-32.472],[152.515,-32.452],[152.521,-32.391],[152.545,-32.338],[152.524,-32.312],[152.527,-32.28],[152.571,-32.216],[152.543,-32.202],[152.536,-32.183],[152.506,-32.165],[152.509,-32.127],[152.523,-32.098],[152.548,-32.073],[152.544,-32.036],[152.578,-31.986],[152.636,-31.92],[152.691,-31.878],[152.747,-31.845],[152.733,-31.823],[152.745,-31.793],[152.805,-31.724],[152.793,-31.714],[152.815,-31.669],[152.843,-31.644],[152.835,-31.624],[152.852,-31.561],[152.876,-31.531],[152.935,-31.476],[152.936,-31.461],[152.915,-31.424],[152.922,-31.388],[152.973,-31.318],[152.965,-31.309],[152.971,-31.261],[152.96,-31.245],[152.985,-31.155],[152.998,-31.134],[153.065,-31.057],[153.044,-31.046],[153.038,-31.015],[153.057,-30.958],[153.085,-30.926],[153.076,-30.889],[153.037,-30.882],[153.011,-30.856],[152.997,-30.786],[153.002,-30.749],[152.988,-30.732],[152.992,-30.697],[153.017,-30.644],[153.01,-30.615],[153.032,-30.499],[153.051,-30.46],[153.076,-30.432],[153.078,-30.404],[153.102,-30.377],[153.121,-30.33],[153.14,-30.313],[153.138,-30.263],[153.167,-30.198],[153.202,-30.156],[153.212,-30.109],[153.198,-30.039],[153.233,-29.98],[153.26,-29.948],[153.272,-29.919],[153.27,-29.858],[153.294,-29.825],[153.288,-29.798],[153.303,-29.776],[153.292,-29.753],[153.305,-29.715],[153.334,-29.675],[153.323,-29.644],[153.341,-29.61],[153.332,-29.594],[153.339,-29.564],[153.36,-29.529],[153.367,-29.482],[153.358,-29.466],[153.374,-29.371],[153.351,-29.355],[153.34,-29.32],[153.351,-29.28],[153.419,-29.178],[153.448,-29.15],[153.451,-29.12],[153.435,-29.112],[153.439,-29.071],[153.464,-29.019],[153.499,-28.97],[153.572,-28.885],[153.59,-28.874],[153.605,-28.841],[153.606,-28.809],[153.597,-28.771],[153.619,-28.721],[153.614,-28.701],[153.63,-28.649],[153.59,-28.624],[153.571,-28.595],[153.553,-28.528],[153.554,-28.464],[153.578,-28.364],[153.571,-28.328],[153.586,-28.258],[153.571,-28.247],[153.57,-28.202],[153.529,-28.19],[153.552,-28.164],[153.531,-28.175],[153.486,-28.157],[153.468,-28.162],[153.406,-28.211],[153.39,-28.235],[153.339,-28.251],[153.33,-28.237],[153.277,-28.234],[153.244,-28.247],[153.233,-28.265],[153.188,-28.247],[153.171,-28.259],[153.169,-28.293],[153.126,-28.317],[153.13,-28.33],[153.108,-28.358],[153.065,-28.344],[152.939,-28.335],[152.878,-28.312],[152.831,-28.32],[152.793,-28.354],[152.777,-28.346],[152.751,-28.364],[152.723,-28.344],[152.64,-28.312],[152.618,-28.283],[152.58,-28.339],[152.526,-28.306],[152.536,-28.266],[152.509,-28.249],[152.463,-28.259],[152.444,-28.297],[152.411,-28.31],[152.418,-28.332],[152.385,-28.369],[152.357,-28.361],[152.307,-28.369],[152.282,-28.393],[152.267,-28.391],[152.217,-28.449],[152.205,-28.438],[152.165,-28.433],[152.122,-28.461],[152.08,-28.471],[152.017,-28.525],[151.955,-28.519],[151.957,-28.563],[151.986,-28.582],[151.991,-28.625],[152.014,-28.666],[152.039,-28.665],[152.068,-28.685],[152.076,-28.708],[152.042,-28.732],[152.036,-28.757],[152.036,-28.858],[152.011,-28.907],[151.995,-28.899],[151.961,-28.919],[151.923,-28.928],[151.896,-28.913],[151.84,-28.913],[151.84,-28.943],[151.773,-28.938],[151.746,-28.915],[151.726,-28.867],[151.706,-28.872],[151.637,-28.922],[151.612,-28.924],[151.545,-28.953],[151.537,-28.98],[151.506,-29.007],[151.495,-29.03],[151.487,-29.088],[151.463,-29.098],[151.458,-29.117],[151.395,-29.177],[151.358,-29.172],[151.339,-29.179],[151.312,-29.161],[151.318,-29.138],[151.279,-29.099],[151.286,-29.065],[151.283,-29.003],[151.272,-28.973],[151.275,-28.939],[151.215,-28.904],[151.2,-28.884],[151.161,-28.865],[151.132,-28.86],[151.103,-28.837],[151.059,-28.846],[151.039,-28.837],[151.041,-28.798],[151.025,-28.794],[151.026,-28.755],[150.979,-28.733],[150.952,-28.737],[150.931,-28.706],[150.905,-28.687],[150.89,-28.695],[150.815,-28.658],[150.752,-28.635],[150.727,-28.636],[150.701,-28.655],[150.67,-28.654],[150.633,-28.677],[150.6,-28.671],[150.583,-28.656],[150.534,-28.672],[150.486,-28.657],[150.442,-28.664],[150.416,-28.636],[150.37,-28.621],[150.362,-28.589],[150.33,-28.572],[150.293,-28.538],[150.235,-28.555],[150.214,-28.573],[150.165,-28.554],[150.077,-28.583],[150.031,-28.58],[149.979,-28.608],[149.943,-28.614],[149.831,-28.604],[149.744,-28.618],[149.71,-28.613],[149.697,-28.632],[149.648,-28.612],[149.598,-28.579],[149.508,-28.576],[149.456,-28.595],[149.431,-28.638],[149.388,-28.694],[149.363,-28.689],[149.294,-28.711],[149.28,-28.732],[149.246,-28.739],[149.188,-28.777],[149.187,-28.794],[149.16,-28.811],[149.14,-28.807],[149.128,-28.836],[149.098,-28.832],[149.064,-28.887],[149.035,-28.953],[148.972,-28.978],[148.958,-28.999],[148.715,-28.999],[148.179,-28.999],[147.744,-28.999],[147.369,-28.999],[147.109,-28.999],[146.75,-28.999],[146.329,-28.999],[146.082,-28.999],[145.749,-28.999],[145.255,-28.999],[144.926,-28.999],[144.48,-28.999],[144.167,-28.999],[143.85,-28.999],[143.4,-28.999],[143.001,-28.999],[142.6,-28.999],[142.4,-28.999],[142.019,-28.999],[141.591,-28.999],[141.2,-28.999],[140.999,-28.999],[141,-29.472],[141,-29.732],[141,-30.051],[141,-30.266],[141.001,-30.708],[141.001,-31.093],[141.001,-31.338],[141.001,-31.684],[141.001,-31.979],[141.002,-32.345],[141.002,-32.631],[141.002,-33.062],[141.003,-33.571],[141.003,-34.022],[141.009,-34.045],[141.062,-34.054],[141.098,-34.069],[141.137,-34.061],[141.179,-34.089],[141.207,-34.061],[141.261,-34.079],[141.283,-34.103],[141.349,-34.112],[141.403,-34.127],[141.412,-34.15],[141.453,-34.161],[141.495,-34.154],[141.518,-34.206],[141.568,-34.192],[141.632,-34.14],[141.635,-34.12],[141.705,-34.096],[141.717,-34.115],[141.745,-34.103],[141.802,-34.116],[141.842,-34.133],[141.88,-34.131],[141.904,-34.111],[141.947,-34.12],[142.013,-34.105],[142.074,-34.13],[142.067,-34.153],[142.082,-34.173],[142.121,-34.174],[142.146,-34.149],[142.159,-34.171],[142.22,-34.182],[142.244,-34.217],[142.236,-34.249],[142.25,-34.267],[142.239,-34.308],[142.272,-34.304],[142.322,-34.337],[142.365,-34.327],[142.397,-34.338],[142.392,-34.36],[142.369,-34.37],[142.352,-34.395],[142.365,-34.447],[142.361,-34.488],[142.392,-34.492],[142.368,-34.527],[142.435,-34.576],[142.468,-34.564],[142.471,-34.593],[142.459,-34.617],[142.472,-34.667],[142.498,-34.672],[142.519,-34.704],[142.5,-34.739],[142.525,-34.76],[142.632,-34.784],[142.646,-34.764],[142.617,-34.738],[142.655,-34.728],[142.68,-34.739],[142.697,-34.72],[142.679,-34.68],[142.7,-34.603],[142.764,-34.597],[142.793,-34.55],[142.809,-34.562],[142.788,-34.591],[142.805,-34.609],[142.836,-34.611],[142.862,-34.628],[142.874,-34.673],[142.925,-34.65],[142.963,-34.677],[143.013,-34.671],[143.014,-34.695],[143.04,-34.702],[143.066,-34.688],[143.09,-34.701],[143.134,-34.701],[143.197,-34.728],[143.274,-34.777],[143.308,-34.78],[143.352,-34.796],[143.359,-34.817],[143.332,-34.885],[143.341,-34.941],[143.32,-34.948],[143.318,-34.986],[143.336,-35.003],[143.341,-35.089],[143.391,-35.147],[143.383,-35.174],[143.396,-35.193],[143.446,-35.19],[143.471,-35.219],[143.564,-35.203],[143.565,-35.236],[143.584,-35.279],[143.563,-35.318],[143.642,-35.401],[143.677,-35.372],[143.709,-35.392],[143.746,-35.389],[143.818,-35.438],[143.868,-35.481],[143.919,-35.501],[143.959,-35.504],[143.989,-35.553],[144.048,-35.556],[144.062,-35.577],[144.105,-35.591],[144.118,-35.626],[144.153,-35.646],[144.163,-35.672],[144.185,-35.67],[144.215,-35.704],[144.248,-35.721],[144.268,-35.754],[144.286,-35.737],[144.322,-35.764],[144.352,-35.775],[144.376,-35.801],[144.365,-35.82],[144.39,-35.859],[144.406,-35.86],[144.408,-35.904],[144.439,-35.931],[144.464,-35.941],[144.52,-35.996],[144.554,-36.003],[144.583,-36.039],[144.619,-36.04],[144.653,-36.053],[144.653,-36.074],[144.692,-36.069],[144.718,-36.114],[144.748,-36.121],[144.806,-36.124],[144.842,-36.083],[144.875,-36.058],[144.933,-36.067],[144.946,-36.082],[144.987,-36.064],[144.946,-36.005],[144.924,-35.989],[144.931,-35.969],[144.957,-35.962],[144.949,-35.932],[144.975,-35.883],[144.979,-35.858],[145.02,-35.856],[145.073,-35.828],[145.134,-35.828],[145.168,-35.842],[145.247,-35.83],[145.284,-35.857],[145.325,-35.851],[145.352,-35.866],[145.442,-35.836],[145.472,-35.811],[145.532,-35.805],[145.558,-35.817],[145.589,-35.863],[145.659,-35.903],[145.674,-35.926],[145.698,-35.925],[145.793,-35.983],[145.844,-35.983],[145.871,-35.955],[145.908,-35.954],[145.951,-35.978],[145.952,-35.992],[145.987,-36.013],[146.031,-35.995],[146.058,-36.013],[146.096,-36.02],[146.142,-36.017],[146.178,-36.037],[146.244,-36.028],[146.256,-36.013],[146.288,-36.015],[146.291,-36.035],[146.367,-36.05],[146.387,-36.037],[146.381,-36.013],[146.436,-35.967],[146.457,-35.967],[146.488,-35.99],[146.501,-35.965],[146.527,-35.97],[146.55,-35.992],[146.57,-35.979],[146.608,-35.975],[146.651,-36.021],[146.683,-36.039],[146.717,-36.026],[146.76,-36.058],[146.814,-36.064],[146.826,-36.089],[146.873,-36.074],[146.902,-36.083],[146.912,-36.106],[146.946,-36.116],[146.973,-36.082],[147.016,-36.089],[147.035,-36.115],[147.06,-36.074],[147.095,-36.053],[147.114,-36.001],[147.137,-36.029],[147.204,-36.05],[147.242,-36.039],[147.3,-36.045],[147.318,-36.06],[147.352,-36.032],[147.361,-35.989],[147.404,-35.944],[147.456,-35.958],[147.464,-35.944],[147.499,-35.947],[147.526,-35.986],[147.555,-36.003],[147.638,-35.962],[147.654,-35.944],[147.708,-35.929],[147.741,-35.956],[147.885,-35.999],[147.913,-35.995],[147.923,-36.042],[147.998,-36.048],[147.98,-36.086],[147.991,-36.121],[148.031,-36.142],[148.022,-36.177],[148.041,-36.207],[148.027,-36.226],[148.043,-36.304],[148.055,-36.333],[148.038,-36.366],[148.061,-36.416],[148.087,-36.432],[148.088,-36.452],[148.125,-36.465],[148.14,-36.526],[148.124,-36.551],[148.165,-36.578],[148.217,-36.599],[148.22,-36.62],[148.185,-36.692],[148.139,-36.732],[148.105,-36.78],[148.109,-36.797],[148.195,-36.796],[148.524,-36.93],[148.993,-37.118],[149.356,-37.263],[149.592,-37.356],[149.976,-37.505],[149.975,-37.446],[149.959,-37.426],[149.95,-37.375],[149.972,-37.329],[149.943,-37.283],[149.966,-37.25],[149.986,-37.24],[150.05,-37.26],[150.021,-37.218],[150.005,-37.143],[149.988,-37.141],[149.95,-37.104],[149.904,-37.109],[149.872,-37.091],[149.939,-37.039],[149.944,-37.022],[149.927,-36.992],[149.938,-36.952],[149.905,-36.928],[149.916,-36.897],[149.946,-36.852],[149.934,-36.84],[149.942,-36.808],[149.979,-36.765],[149.983,-36.701],[150.066,-36.548],[150.057,-36.481],[150.085,-36.43],[150.067,-36.399],[150.083,-36.363],[150.131,-36.316],[150.131,-36.289],[150.146,-36.268],[150.147,-36.238],[150.132,-36.205],[150.126,-36.129],[150.133,-36.082],[150.161,-36.013],[150.151,-35.979],[150.16,-35.955],[150.15,-35.891],[150.187,-35.833],[150.225,-35.828],[150.237,-35.787],[150.212,-35.76],[150.199,-35.719],[150.229,-35.703],[150.262,-35.721],[150.301,-35.683],[150.299,-35.647],[150.33,-35.63],[150.339,-35.605],[150.392,-35.537],[150.391,-35.469],[150.42,-35.424],[150.448,-35.394],[150.487,-35.366],[150.472,-35.317],[150.48,-35.29],[150.541,-35.245],[150.54,-35.217],[150.594,-35.184],[150.607,-35.144],[150.627,-35.15],[150.66,-35.126],[150.702,-35.123]],[[149.232,-35.222],[149.235,-35.24],[149.272,-35.271],[149.315,-35.276],[149.351,-35.299],[149.384,-35.306],[149.391,-35.331],[149.348,-35.35],[149.336,-35.34],[149.249,-35.33],[149.204,-35.348],[149.184,-35.379],[149.146,-35.415],[149.135,-35.454],[149.152,-35.493],[149.133,-35.549],[149.141,-35.589],[149.078,-35.586],[149.095,-35.677],[149.109,-35.697],[149.091,-35.766],[149.101,-35.815],[149.087,-35.848],[149.062,-35.88],[149.049,-35.92],[149.012,-35.9],[148.958,-35.892],[148.908,-35.851],[148.897,-35.818],[148.894,-35.751],[148.887,-35.719],[148.835,-35.741],[148.788,-35.698],[148.799,-35.667],[148.774,-35.655],[148.783,-35.628],[148.769,-35.604],[148.789,-35.588],[148.773,-35.568],[148.763,-35.495],[148.786,-35.409],[148.809,-35.382],[148.794,-35.339],[148.81,-35.307],[149.121,-35.124],[149.164,-35.142],[149.189,-35.166],[149.19,-35.194],[149.208,-35.216],[149.232,-35.222]]]},"properties":{"code":"1","name":"New South Wales"}},
{"type":"Feature","geometry":{"type":"MultiPolygon","coordinates":[[[[145.277,-38.388],[145.349,-38.42],[145.392,-38.396],[145.411,-38.371],[145.476,-38.366],[145.503,-38.353],[145.454,-38.307],[145.411,-38.304],[145.374,-38.314],[145.348,-38.31],[145.33,-38.292],[145.29,-38.284],[145.274,-38.357],[145.277,-38.388]]],[[[140.966,-38.056],[141.038,-38.075],[141.128,-38.116],[141.228,-38.171],[141.273,-38.203],[141.357,-38.275],[141.388,-38.312],[141.398,-38.338],[141.368,-38.361],[141.374,-38.387],[141.413,-38.394],[141.407,-38.369],[141.461,-38.362],[141.519,-38.39],[141.525,-38.421],[141.558,-38.422],[141.579,-38.388],[141.65,-38.392],[141.599,-38.321],[141.608,-38.307],[141.664,-38.275],[141.742,-38.253],[141.885,-38.266],[141.933,-38.279],[142.014,-38.317],[142.074,-38.356],[142.148,-38.39],[142.233,-38.392],[142.262,-38.365],[142.372,-38.349],[142.474,-38.402],[142.492,-38.394],[142.563,-38.422],[142.721,-38.521],[142.778,-38.563],[142.853,-38.592],[142.861,-38.606],[142.944,-38.624],[143.022,-38.626],[143.123,-38.677],[143.22,-38.76],[143.258,-38.771],[143.304,-38.75],[143.357,-38.754],[143.411,-38.783],[143.427,-38.783],[143.466,-38.81],[143.511,-38.858],[143.556,-38.855],[143.616,-38.795],[143.662,-38.783],[143.685,-38.735],[143.811,-38.693],[143.842,-38.679],[143.908,-38.626],[143.92,-38.597],[143.973,-38.566],[143.98,-38.532],[144.037,-38.476],[144.105,-38.469],[144.132,-38.436],[144.179,-38.429],[144.182,-38.418],[144.252,-38.388],[144.317,-38.345],[144.329,-38.326],[144.436,-38.281],[144.5,-38.29],[144.512,-38.273],[144.549,-38.273],[144.614,-38.292],[144.625,-38.257],[144.666,-38.21],[144.711,-38.198],[144.72,-38.146],[144.693,-38.12],[144.632,-38.107],[144.565,-38.152],[144.481,-38.164],[144.433,-38.14],[144.403,-38.155],[144.356,-38.138],[144.366,-38.105],[144.398,-38.074],[144.448,-38.087],[144.487,-38.078],[144.507,-38.09],[144.516,-38.046],[144.562,-38.033],[144.592,-38.005],[144.65,-38.002],[144.744,-37.939],[144.799,-37.923],[144.808,-37.88],[144.9,-37.842],[144.936,-37.843],[144.964,-37.856],[144.984,-37.889],[144.986,-37.926],[145.031,-37.993],[145.051,-37.987],[145.091,-38.015],[145.122,-38.083],[145.121,-38.133],[145.088,-38.164],[145.062,-38.201],[145.034,-38.215],[145.026,-38.253],[144.983,-38.296],[144.975,-38.327],[144.924,-38.349],[144.837,-38.37],[144.775,-38.359],[144.739,-38.325],[144.68,-38.305],[144.666,-38.312],[144.738,-38.353],[144.841,-38.432],[144.887,-38.477],[144.924,-38.497],[145.026,-38.48],[145.05,-38.43],[145.096,-38.402],[145.13,-38.39],[145.204,-38.405],[145.218,-38.394],[145.218,-38.35],[145.194,-38.328],[145.206,-38.304],[145.255,-38.237],[145.311,-38.248],[145.344,-38.214],[145.412,-38.228],[145.453,-38.221],[145.488,-38.236],[145.498,-38.274],[145.522,-38.299],[145.516,-38.336],[145.552,-38.355],[145.535,-38.398],[145.519,-38.414],[145.481,-38.407],[145.423,-38.412],[145.433,-38.429],[145.42,-38.471],[145.434,-38.493],[145.418,-38.513],[145.364,-38.521],[145.372,-38.536],[145.424,-38.536],[145.493,-38.564],[145.543,-38.618],[145.565,-38.654],[145.607,-38.679],[145.657,-38.677],[145.687,-38.652],[145.731,-38.648],[145.793,-38.688],[145.833,-38.729],[145.871,-38.779],[145.915,-38.872],[145.919,-38.907],[145.979,-38.895],[146.006,-38.877],[145.997,-38.858],[146.009,-38.826],[146.063,-38.812],[146.123,-38.832],[146.184,-38.869],[146.234,-38.919],[146.268,-38.972],[146.274,-38.996],[146.342,-39.06],[146.325,-39.094],[146.368,-39.134],[146.421,-39.126],[146.438,-39.093],[146.431,-39.066],[146.478,-39.044],[146.445,-39.018],[146.437,-38.979],[146.462,-38.931],[146.487,-38.906],[146.468,-38.873],[146.479,-38.799],[146.469,-38.782],[146.438,-38.779],[146.421,-38.811],[146.417,-38.849],[146.369,-38.86],[146.336,-38.881],[146.324,-38.903],[146.292,-38.904],[146.286,-38.866],[146.271,-38.86],[146.266,-38.805],[146.24,-38.811],[146.223,-38.778],[146.186,-38.743],[146.197,-38.718],[146.267,-38.688],[146.292,-38.695],[146.331,-38.687],[146.351,-38.673],[146.381,-38.686],[146.385,-38.72],[146.407,-38.722],[146.444,-38.695],[146.466,-38.702],[146.493,-38.688],[146.551,-38.704],[146.563,-38.679],[146.671,-38.665],[146.693,-38.676],[146.729,-38.659],[146.786,-38.646],[146.791,-38.624],[146.816,-38.612],[146.881,-38.604],[146.887,-38.62],[146.932,-38.596],[146.976,-38.554],[147.067,-38.475],[147.239,-38.341],[147.467,-38.159],[147.543,-38.104],[147.629,-38.046],[147.706,-37.998],[147.788,-37.955],[147.851,-37.93],[147.95,-37.895],[148.074,-37.864],[148.179,-37.832],[148.26,-37.815],[148.366,-37.804],[148.46,-37.801],[148.611,-37.804],[148.626,-37.808],[148.749,-37.797],[148.809,-37.786],[148.89,-37.787],[148.926,-37.781],[149.124,-37.777],[149.252,-37.782],[149.269,-37.793],[149.332,-37.778],[149.495,-37.768],[149.497,-37.754],[149.547,-37.729],[149.594,-37.726],[149.617,-37.701],[149.675,-37.686],[149.706,-37.644],[149.739,-37.585],[149.782,-37.555],[149.822,-37.545],[149.907,-37.543],[149.916,-37.532],[149.976,-37.505],[149.592,-37.356],[149.356,-37.263],[148.993,-37.118],[148.524,-36.93],[148.195,-36.796],[148.109,-36.797],[148.105,-36.78],[148.139,-36.732],[148.185,-36.692],[148.22,-36.62],[148.217,-36.599],[148.165,-36.578],[148.124,-36.551],[148.14,-36.526],[148.125,-36.465],[148.088,-36.452],[148.087,-36.432],[148.061,-36.416],[148.038,-36.366],[148.055,-36.333],[148.043,-36.304],[148.027,-36.226],[148.041,-36.207],[148.022,-36.177],[148.031,-36.142],[147.991,-36.121],[147.98,-36.086],[147.998,-36.048],[147.923,-36.042],[147.913,-35.995],[147.885,-35.999],[147.741,-35.956],[147.708,-35.929],[147.654,-35.944],[147.638,-35.962],[147.555,-36.003],[147.526,-35.986],[147.499,-35.947],[147.464,-35.944],[147.456,-35.958],[147.404,-35.944],[147.361,-35.989],[147.352,-36.032],[147.318,-36.06],[147.3,-36.045],[147.242,-36.039],[147.204,-36.05],[147.137,-36.029],[147.114,-36.001],[147.095,-36.053],[147.06,-36.074],[147.035,-36.115],[147.016,-36.089],[146.973,-36.082],[146.946,-36.116],[146.912,-36.106],[146.902,-36.083],[146.873,-36.074],[146.826,-36.089],[146.814,-36.064],[146.76,-36.058],[146.717,-36.026],[146.683,-36.039],[146.651,-36.021],[146.608,-35.975],[146.57,-35.979],[146.55,-35.992],[146.527,-35.97],[146.501,-35.965],[146.488,-35.99],[146.457,-35.967],[146.436,-35.967],[146.381,-36.013],[146.387,-36.037],[146.367,-36.05],[146.291,-36.035],[146.288,-36.015],[146.256,-36.013],[146.244,-36.028],[146.178,-36.037],[146.142,-36.017],[146.096,-36.02],[146.058,-36.013],[146.031,-35.995],[145.987,-36.013],[145.952,-35.992],[145.951,-35.978],[145.908,-35.954],[145.871,-35.955],[145.844,-35.983],[145.793,-35.983],[145.698,-35.925],[145.674,-35.926],[145.659,-35.903],[145.589,-35.863],[145.558,-35.817],[145.532,-35.805],[145.472,-35.811],[145.442,-35.836],[145.352,-35.866],[145.325,-35.851],[145.284,-35.857],[145.247,-35.83],[145.168,-35.842],[145.134,-35.828],[145.073,-35.828],[145.02,-35.856],[144.979,-35.858],[144.975,-35.883],[144.949,-35.932],[144.957,-35.962],[144.931,-35.969],[144.924,-35.989],[144.946,-36.005],[144.987,-36.064],[144.946,-36.082],[144.933,-36.067],[144.875,-36.058],[144.842,-36.083],[144.806,-36.124],[144.748,-36.121],[144.718,-36.114],[144.692,-36.069],[144.653,-36.074],[144.653,-36.053],[144.619,-36.04],[144.583,-36.039],[144.554,-36.003],[144.52,-35.996],[144.464,-35.941],[144.439,-35.931],[144.408,-35.904],[144.406,-35.86],[144.39,-35.859],[144.365,-35.82],[144.376,-35.801],[144.352,-35.775],[144.322,-35.764],[144.286,-35.737],[144.268,-35.754],[144.248,-35.721],[144.215,-35.704],[144.185,-35.67],[144.163,-35.672],[144.153,-35.646],[144.118,-35.626],[144.105,-35.591],[144.062,-35.577],[144.048,-35.556],[143.989,-35.553],[143.959,-35.504],[143.919,-35.501],[143.868,-35.481],[143.818,-35.438],[143.746,-35.389],[143.709,-35.392],[143.677,-35.372],[143.642,-35.401],[143.563,-35.318],[143.584,-35.279],[143.565,-35.236],[143.564,-35.203],[143.471,-35.219],[143.446,-35.19],[143.396,-35.193],[143.383,-35.174],[143.391,-35.147],[143.341,-35.089],[143.336,-35.003],[143.318,-34.986],[143.32,-34.948],[143.341,-34.941],[143.332,-34.885],[143.359,-34.817],[143.352,-34.796],[143.308,-34.78],[143.274,-34.777],[143.197,-34.728],[143.134,-34.701],[143.09,-34.701],[143.066,-34.688],[143.04,-34.702],[143.014,-34.695],[143.013,-34.671],[142.963,-34.677],[142.925,-34.65],[142.874,-34.673],[142.862,-34.628],[142.836,-34.611],[142.805,-34.609],[142.788,-34.591],[142.809,-34.562],[142.793,-34.55],[142.764,-34.597],[142.7,-34.603],[142.679,-34.68],[142.697,-34.72],[142.68,-34.739],[142.655,-34.728],[142.617,-34.738],[142.646,-34.764],[142.632,-34.784],[142.525,-34.76],[142.5,-34.739],[142.519,-34.704],[142.498,-34.672],[142.472,-34.667],[142.459,-34.617],[142.471,-34.593],[142.468,-34.564],[142.435,-34.576],[142.368,-34.527],[142.392,-34.492],[142.361,-34.488],[142.365,-34.447],[142.352,-34.395],[142.369,-34.37],[142.392,-34.36],[142.397,-34.338],[142.365,-34.327],[142.322,-34.337],[142.272,-34.304],[142.239,-34.308],[142.25,-34.267],[142.236,-34.249],[142.244,-34.217],[142.22,-34.182],[142.159,-34.171],[142.146,-34.149],[142.121,-34.174],[142.082,-34.173],[142.067,-34.153],[142.074,-34.13],[142.013,-34.105],[141.947,-34.12],[141.904,-34.111],[141.88,-34.131],[141.842,-34.133],[141.802,-34.116],[141.745,-34.103],[141.717,-34.115],[141.705,-34.096],[141.635,-34.12],[141.632,-34.14],[141.568,-34.192],[141.518,-34.206],[141.495,-34.154],[141.453,-34.161],[141.412,-34.15],[141.403,-34.127],[141.349,-34.112],[141.283,-34.103],[141.261,-34.079],[141.207,-34.061],[141.179,-34.089],[141.137,-34.061],[141.098,-34.069],[141.062,-34.054],[141.009,-34.045],[141.003,-34.022],[140.964,-33.981],[140.963,-34.203],[140.965,-34.638],[140.966,-35.008],[140.966,-35.389],[140.963,-35.749],[140.964,-35.996],[140.967,-36.374],[140.969,-36.734],[140.972,-37.067],[140.971,-37.229],[140.974,-37.462],[140.971,-37.767],[140.966,-38.056]]],[[[145.161,-38.472],[145.144,-38.506],[145.192,-38.515],[145.222,-38.528],[145.241,-38.507],[145.287,-38.51],[145.339,-38.543],[145.358,-38.508],[145.316,-38.51],[145.291,-38.48],[145.31,-38.46],[145.277,-38.451],[145.215,-38.449],[145.161,-38.472]]],[[[146.568,-38.742],[146.506,-38.725],[146.465,-38.74],[146.494,-38.774],[146.545,-38.791],[146.607,-38.757],[146.568,-38.742]]],[[[146.852,-38.634],[146.824,-38.613],[146.803,-38.62],[146.819,-38.647],[146.852,-38.634]]],[[[146.627,-38.724],[146.672,-38.703],[146.606,-38.699],[146.627,-38.724]]]]},"properties":{"code":"2","name":"Victoria"}},
{"type":"Feature","geometry":{"type":"MultiPolygon","coordinates":[[[[148.479,-20.002],[148.458,-19.975],[148.44,-19.984],[148.445,-20.043],[148.476,-20.047],[148.479,-20.002]]],[[[142.133,-9.269],[142.161,-9.281],[142.25,-9.29],[142.284,-9.285],[142.294,-9.26],[142.265,-9.251],[142.244,-9.259],[142.222,-9.229],[142.141,-9.258],[142.133,-9.269]]],[[[142.69,-9.376],[142.645,-9.365],[142.599,-9.387],[142.598,-9.408],[142.658,-9.429],[142.707,-9.428],[142.742,-9.42],[142.754,-9.4],[142.801,-9.382],[142.798,-9.372],[142.743,-9.367],[142.708,-9.382],[142.69,-9.376]]],[[[146.58,-18.765],[146.587,-18.758],[146.635,-18.765],[146.652,-18.776],[146.68,-18.766],[146.689,-18.741],[146.644,-18.751],[146.617,-18.704],[146.578,-18.725],[146.58,-18.765]]],[[[146.834,-19.18],[146.874,-19.146],[146.883,-19.112],[146.79,-19.115],[146.803,-19.16],[146.834,-19.18]]],[[[142.241,-10.598],[142.236,-10.609],[142.268,-10.642],[142.296,-10.638],[142.327,-10.613],[142.308,-10.579],[142.274,-10.574],[142.241,-10.598]]],[[[146.247,-18.296],[146.196,-18.278],[146.149,-18.245],[146.108,-18.234],[146.071,-18.247],[146.1,-18.284],[146.152,-18.313],[146.177,-18.354],[146.202,-18.383],[146.207,-18.404],[146.201,-18.437],[146.222,-18.477],[146.25,-18.489],[146.327,-18.485],[146.328,-18.448],[146.339,-18.41],[146.331,-18.362],[146.306,-18.355],[146.276,-18.301],[146.296,-18.249],[146.292,-18.236],[146.251,-18.237],[146.231,-18.272],[146.247,-18.296]]],[[[139.485,-17.118],[139.552,-17.1],[139.556,-17.068],[139.544,-17.031],[139.505,-16.986],[139.487,-17.02],[139.464,-17.025],[139.45,-17.055],[139.413,-17.082],[139.401,-17.106],[139.416,-17.127],[139.437,-17.102],[139.463,-17.095],[139.485,-17.118]]],[[[139.137,-16.805],[139.095,-16.813],[139.099,-16.846],[139.146,-16.814],[139.137,-16.805]]],[[[139.195,-16.662],[139.2,-16.708],[139.218,-16.71],[139.229,-16.733],[139.264,-16.726],[139.288,-16.735],[139.313,-16.73],[139.325,-16.71],[139.369,-16.671],[139.393,-16.637],[139.416,-16.672],[139.451,-16.665],[139.443,-16.629],[139.466,-16.628],[139.479,-16.531],[139.499,-16.516],[139.527,-16.516],[139.542,-16.487],[139.577,-16.501],[139.579,-16.529],[139.595,-16.555],[139.657,-16.519],[139.7,-16.511],[139.699,-16.479],[139.676,-16.451],[139.65,-16.449],[139.606,-16.405],[139.551,-16.391],[139.529,-16.413],[139.489,-16.428],[139.465,-16.446],[139.42,-16.445],[139.364,-16.452],[139.333,-16.466],[139.31,-16.461],[139.29,-16.479],[139.241,-16.505],[139.218,-16.536],[139.208,-16.574],[139.16,-16.61],[139.15,-16.634],[139.163,-16.666],[139.195,-16.662]]],[[[139.183,-16.698],[139.171,-16.671],[139.14,-16.706],[139.161,-16.74],[139.187,-16.721],[139.183,-16.698]]],[[[144.252,-14.169],[144.24,-14.192],[144.284,-14.195],[144.273,-14.159],[144.252,-14.169]]],[[[139.726,-16.495],[139.735,-16.478],[139.717,-16.451],[139.702,-16.478],[139.726,-16.495]]],[[[142.315,-10.217],[142.341,-10.183],[142.324,-10.135],[142.31,-10.137],[142.271,-10.117],[142.237,-10.121],[142.212,-10.139],[142.206,-10.167],[142.186,-10.193],[142.214,-10.228],[142.263,-10.244],[142.274,-10.258],[142.315,-10.217]]],[[[142.119,-10.149],[142.134,-10.176],[142.16,-10.174],[142.187,-10.152],[142.193,-10.107],[142.183,-10.06],[142.12,-10.072],[142.085,-10.113],[142.088,-10.13],[142.119,-10.149]]],[[[142.196,-10.594],[142.167,-10.624],[142.13,-10.64],[142.111,-10.664],[142.111,-10.694],[142.121,-10.724],[142.15,-10.762],[142.178,-10.771],[142.207,-10.726],[142.23,-10.739],[142.274,-10.698],[142.25,-10.667],[142.245,-10.647],[142.212,-10.618],[142.196,-10.594]]],[[[151.278,-23.677],[151.239,-23.643],[151.226,-23.609],[151.225,-23.566],[151.236,-23.531],[151.235,-23.494],[151.2,-23.51],[151.158,-23.51],[151.123,-23.491],[151.101,-23.488],[151.06,-23.449],[151.019,-23.452],[151.01,-23.476],[150.99,-23.481],[150.994,-23.516],[151.013,-23.554],[151.033,-23.57],[151.046,-23.621],[151.12,-23.662],[151.187,-23.77],[151.216,-23.797],[151.247,-23.779],[151.266,-23.78],[151.3,-23.755],[151.287,-23.684],[151.278,-23.677]]],[[[148.953,-20.251],[148.927,-20.281],[148.954,-20.292],[148.973,-20.327],[149.006,-20.307],[149.053,-20.298],[149.025,-20.259],[148.994,-20.247],[148.977,-20.205],[148.96,-20.188],[148.938,-20.241],[148.953,-20.251]]],[[[149.862,-22.17],[149.878,-22.209],[149.903,-22.231],[149.919,-22.205],[149.922,-22.128],[149.905,-22.079],[149.882,-22.068],[149.862,-22.17]]],[[[150.472,-22.286],[150.486,-22.311],[150.483,-22.349],[150.541,-22.315],[150.555,-22.292],[150.525,-22.258],[150.52,-22.225],[150.489,-22.207],[150.47,-22.221],[150.492,-22.264],[150.472,-22.286]]],[[[148.949,-20.083],[148.924,-20.079],[148.904,-20.11],[148.889,-20.111],[148.883,-20.15],[148.926,-20.169],[148.946,-20.158],[148.949,-20.083]]],[[[151.364,-23.859],[151.394,-23.865],[151.373,-23.812],[151.326,-23.775],[151.336,-23.825],[151.361,-23.825],[151.364,-23.859]]],[[[150.014,-22.106],[149.95,-22.135],[149.933,-22.152],[149.945,-22.172],[149.975,-22.159],[150.02,-22.118],[150.014,-22.106]]],[[[150.248,-21.676],[150.275,-21.681],[150.302,-21.665],[150.29,-21.647],[150.248,-21.63],[150.248,-21.676]]],[[[150.94,-23.198],[150.981,-23.184],[150.971,-23.152],[150.936,-23.176],[150.94,-23.198]]],[[[150.358,-21.734],[150.312,-21.758],[150.347,-21.764],[150.358,-21.734]]],[[[150.421,-22.295],[150.431,-22.272],[150.463,-22.259],[150.456,-22.227],[150.431,-22.252],[150.421,-22.295]]],[[[148.851,-20.344],[148.852,-20.381],[148.872,-20.376],[148.851,-20.344]]],[[[152.936,-25.744],[152.923,-25.711],[152.893,-25.69],[152.907,-25.676],[152.892,-25.618],[152.877,-25.614],[152.874,-25.56],[152.909,-25.526],[152.9,-25.495],[152.954,-25.443],[152.934,-25.432],[152.92,-25.453],[152.896,-25.434],[152.916,-25.4],[152.918,-25.365],[152.902,-25.314],[152.904,-25.283],[152.853,-25.283],[152.806,-25.263],[152.728,-25.267],[152.668,-25.246],[152.615,-25.183],[152.633,-25.152],[152.586,-25.126],[152.561,-25.102],[152.541,-25.061],[152.492,-24.981],[152.486,-24.954],[152.492,-24.921],[152.483,-24.858],[152.456,-24.802],[152.421,-24.775],[152.413,-24.758],[152.377,-24.731],[152.353,-24.741],[152.299,-24.725],[152.25,-24.695],[152.229,-24.673],[152.154,-24.632],[152.099,-24.574],[152.066,-24.524],[152.043,-24.5],[152.008,-24.438],[151.954,-24.288],[151.941,-24.236],[151.883,-24.175],[151.831,-24.167],[151.788,-24.123],[151.768,-24.06],[151.769,-24.021],[151.726,-24.03],[151.673,-23.989],[151.646,-23.978],[151.611,-23.979],[151.613,-24.008],[151.661,-24.038],[151.664,-24.084],[151.613,-24.044],[151.559,-24.056],[151.555,-24.088],[151.525,-24.089],[151.527,-24.064],[151.507,-24.04],[151.544,-24.029],[151.467,-23.995],[151.437,-23.994],[151.442,-24.016],[151.478,-24.045],[151.443,-24.061],[151.425,-24.046],[151.435,-24.025],[151.427,-23.988],[151.405,-23.966],[151.356,-23.936],[151.335,-23.907],[151.32,-23.859],[151.281,-23.856],[151.271,-23.835],[151.231,-23.816],[151.194,-23.825],[151.173,-23.815],[151.159,-23.747],[151.122,-23.672],[151.044,-23.626],[151.027,-23.572],[150.933,-23.545],[150.886,-23.574],[150.879,-23.542],[150.846,-23.536],[150.809,-23.518],[150.805,-23.501],[150.85,-23.507],[150.871,-23.481],[150.815,-23.416],[150.793,-23.355],[150.786,-23.31],[150.824,-23.276],[150.83,-23.255],[150.789,-23.208],[150.792,-23.162],[150.775,-23.165],[150.751,-23.136],[150.752,-23.105],[150.768,-23.067],[150.777,-22.962],[150.791,-22.943],[150.788,-22.876],[150.813,-22.751],[150.831,-22.685],[150.804,-22.671],[150.805,-22.649],[150.781,-22.646],[150.775,-22.614],[150.788,-22.551],[150.778,-22.526],[150.745,-22.583],[150.744,-22.617],[150.724,-22.613],[150.721,-22.556],[150.692,-22.554],[150.674,-22.533],[150.657,-22.488],[150.686,-22.492],[150.727,-22.514],[150.729,-22.488],[150.759,-22.468],[150.747,-22.446],[150.703,-22.439],[150.688,-22.414],[150.68,-22.364],[150.65,-22.369],[150.646,-22.347],[150.626,-22.332],[150.586,-22.329],[150.566,-22.316],[150.54,-22.351],[150.533,-22.381],[150.54,-22.405],[150.533,-22.45],[150.556,-22.477],[150.567,-22.523],[150.592,-22.565],[150.545,-22.561],[150.502,-22.538],[150.446,-22.523],[150.403,-22.481],[150.333,-22.441],[150.298,-22.406],[150.222,-22.39],[150.177,-22.36],[150.192,-22.325],[150.157,-22.305],[150.152,-22.26],[150.11,-22.233],[150.088,-22.183],[150.082,-22.152],[150.035,-22.129],[150.005,-22.143],[149.964,-22.174],[149.944,-22.21],[149.932,-22.254],[149.918,-22.276],[149.913,-22.346],[149.985,-22.507],[150.003,-22.53],[150.011,-22.583],[150.031,-22.619],[150.017,-22.635],[149.963,-22.539],[149.927,-22.522],[149.889,-22.493],[149.87,-22.466],[149.851,-22.418],[149.811,-22.382],[149.784,-22.38],[149.772,-22.42],[149.744,-22.427],[149.747,-22.386],[149.765,-22.374],[149.731,-22.348],[149.658,-22.355],[149.653,-22.33],[149.625,-22.296],[149.597,-22.281],[149.601,-22.261],[149.573,-22.23],[149.558,-22.183],[149.554,-22.14],[149.543,-22.134],[149.517,-22.075],[149.524,-22.03],[149.489,-21.987],[149.466,-21.928],[149.462,-21.876],[149.472,-21.84],[149.432,-21.797],[149.435,-21.752],[149.46,-21.728],[149.456,-21.68],[149.44,-21.651],[149.453,-21.603],[149.486,-21.571],[149.485,-21.534],[149.439,-21.555],[149.38,-21.535],[149.391,-21.494],[149.319,-21.491],[149.3,-21.509],[149.287,-21.487],[149.295,-21.472],[149.298,-21.429],[149.338,-21.427],[149.315,-21.391],[149.315,-21.354],[149.297,-21.341],[149.295,-21.285],[149.266,-21.271],[149.258,-21.245],[149.225,-21.264],[149.197,-21.211],[149.194,-21.185],[149.204,-21.155],[149.222,-21.131],[149.23,-21.071],[149.21,-21.077],[149.187,-21.034],[149.17,-21.037],[149.159,-21.001],[149.116,-21.002],[149.089,-20.976],[149.064,-20.975],[149.03,-20.987],[149.02,-20.969],[149.029,-20.898],[149.005,-20.912],[148.983,-20.892],[148.89,-20.878],[148.886,-20.857],[148.844,-20.872],[148.848,-20.848],[148.816,-20.803],[148.83,-20.777],[148.802,-20.776],[148.781,-20.762],[148.775,-20.732],[148.731,-20.717],[148.733,-20.689],[148.706,-20.671],[148.686,-20.6],[148.662,-20.584],[148.705,-20.521],[148.714,-20.483],[148.763,-20.477],[148.783,-20.464],[148.775,-20.431],[148.791,-20.415],[148.814,-20.421],[148.828,-20.441],[148.824,-20.501],[148.845,-20.504],[148.856,-20.527],[148.885,-20.523],[148.892,-20.541],[148.924,-20.519],[148.884,-20.488],[148.882,-20.472],[148.838,-20.418],[148.833,-20.373],[148.841,-20.352],[148.815,-20.321],[148.769,-20.299],[148.773,-20.242],[148.732,-20.271],[148.711,-20.263],[148.677,-20.284],[148.681,-20.231],[148.645,-20.211],[148.615,-20.22],[148.584,-20.196],[148.593,-20.176],[148.578,-20.141],[148.558,-20.117],[148.549,-20.072],[148.53,-20.094],[148.501,-20.091],[148.475,-20.065],[148.441,-20.074],[148.444,-20.111],[148.468,-20.126],[148.429,-20.167],[148.342,-20.153],[148.303,-20.111],[148.278,-20.1],[148.284,-20.078],[148.238,-20.055],[148.229,-20.038],[148.269,-20.014],[148.267,-19.984],[148.239,-19.984],[148.223,-19.96],[148.189,-19.945],[148.165,-19.958],[148.113,-19.941],[148.097,-19.925],[148.083,-19.887],[148.027,-19.894],[148.001,-19.925],[147.938,-19.918],[147.885,-19.877],[147.862,-19.845],[147.85,-19.785],[147.846,-19.728],[147.824,-19.71],[147.754,-19.708],[147.76,-19.724],[147.746,-19.758],[147.764,-19.785],[147.773,-19.827],[147.765,-19.837],[147.709,-19.841],[147.671,-19.828],[147.661,-19.808],[147.63,-19.788],[147.601,-19.757],[147.587,-19.725],[147.602,-19.691],[147.618,-19.682],[147.604,-19.65],[147.585,-19.649],[147.565,-19.563],[147.546,-19.527],[147.518,-19.491],[147.491,-19.471],[147.474,-19.433],[147.463,-19.387],[147.442,-19.421],[147.41,-19.426],[147.304,-19.408],[147.247,-19.432],[147.185,-19.412],[147.135,-19.407],[147.068,-19.343],[147.048,-19.299],[147.047,-19.275],[147.06,-19.254],[147.046,-19.239],[147.041,-19.208],[147.008,-19.226],[146.977,-19.284],[146.961,-19.293],[146.897,-19.306],[146.872,-19.297],[146.848,-19.273],[146.847,-19.255],[146.79,-19.24],[146.774,-19.189],[146.725,-19.181],[146.689,-19.193],[146.629,-19.17],[146.598,-19.148],[146.563,-19.143],[146.541,-19.116],[146.491,-19.094],[146.438,-19.055],[146.405,-19.008],[146.38,-18.998],[146.363,-18.967],[146.336,-18.956],[146.33,-18.939],[146.291,-18.893],[146.279,-18.869],[146.275,-18.824],[146.285,-18.762],[146.302,-18.705],[146.321,-18.663],[146.319,-18.646],[146.338,-18.612],[146.345,-18.554],[146.328,-18.521],[146.313,-18.522],[146.262,-18.494],[146.23,-18.49],[146.215,-18.472],[146.189,-18.474],[146.171,-18.448],[146.159,-18.397],[146.137,-18.368],[146.103,-18.349],[146.049,-18.282],[146.026,-18.263],[146.007,-18.173],[146.008,-18.121],[146.03,-18.084],[146.038,-18.051],[146.07,-17.997],[146.093,-17.975],[146.1,-17.888],[146.115,-17.857],[146.092,-17.804],[146.113,-17.771],[146.105,-17.728],[146.113,-17.693],[146.149,-17.649],[146.136,-17.607],[146.116,-17.578],[146.091,-17.56],[146.07,-17.522],[146.078,-17.478],[146.065,-17.446],[146.073,-17.397],[146.047,-17.38],[146.009,-17.323],[145.996,-17.273],[145.973,-17.246],[145.964,-17.203],[145.965,-17.17],[145.948,-17.129],[145.929,-17.117],[145.916,-17.087],[145.892,-17.064],[145.891,-17.03],[145.906,-16.974],[145.936,-16.941],[145.929,-16.928],[145.955,-16.892],[145.928,-16.866],[145.881,-16.907],[145.863,-16.904],[145.84,-16.878],[145.812,-16.907],[145.781,-16.923],[145.765,-16.907],[145.775,-16.87],[145.744,-16.844],[145.722,-16.801],[145.685,-16.778],[145.672,-16.739],[145.653,-16.731],[145.623,-16.701],[145.582,-16.687],[145.566,-16.646],[145.523,-16.601],[145.51,-16.569],[145.47,-16.514],[145.466,-16.477],[145.413,-16.466],[145.407,-16.432],[145.42,-16.388],[145.412,-16.376],[145.418,-16.338],[145.449,-16.291],[145.477,-16.275],[145.481,-16.241],[145.469,-16.211],[145.445,-16.201],[145.445,-16.156],[145.475,-16.081],[145.464,-16.036],[145.434,-15.998],[145.428,-15.973],[145.404,-15.94],[145.358,-15.911],[145.356,-15.892],[145.377,-15.839],[145.358,-15.831],[145.352,-15.804],[145.369,-15.762],[145.361,-15.72],[145.317,-15.653],[145.314,-15.613],[145.326,-15.604],[145.318,-15.566],[145.286,-15.558],[145.27,-15.536],[145.277,-15.507],[145.271,-15.473],[145.24,-15.438],[145.261,-15.399],[145.288,-15.376],[145.298,-15.344],[145.283,-15.324],[145.314,-15.29],[145.354,-15.264],[145.329,-15.249],[145.311,-15.261],[145.271,-15.259],[145.239,-15.196],[145.235,-15.143],[145.249,-15.111],[145.289,-15.043],[145.347,-14.985],[145.352,-14.953],[145.281,-14.955],[145.265,-14.927],[145.223,-14.884],[145.23,-14.835],[145.178,-14.843],[145.135,-14.834],[145.09,-14.803],[145.022,-14.794],[145.003,-14.752],[144.97,-14.748],[144.954,-14.737],[144.944,-14.666],[144.927,-14.667],[144.91,-14.615],[144.884,-14.61],[144.839,-14.614],[144.782,-14.593],[144.775,-14.546],[144.715,-14.557],[144.684,-14.553],[144.656,-14.504],[144.625,-14.486],[144.619,-14.472],[144.624,-14.42],[144.64,-14.38],[144.627,-14.361],[144.589,-14.363],[144.58,-14.308],[144.596,-14.26],[144.559,-14.229],[144.524,-14.17],[144.496,-14.164],[144.465,-14.227],[144.429,-14.263],[144.399,-14.271],[144.378,-14.289],[144.314,-14.308],[144.269,-14.296],[144.244,-14.264],[144.216,-14.254],[144.195,-14.261],[144.2,-14.312],[144.195,-14.339],[144.142,-14.405],[144.128,-14.405],[144.095,-14.445],[144.061,-14.466],[143.949,-14.496],[143.93,-14.484],[143.903,-14.486],[143.861,-14.475],[143.806,-14.432],[143.765,-14.375],[143.745,-14.332],[143.725,-14.254],[143.706,-14.217],[143.698,-14.185],[143.702,-14.127],[143.678,-14.012],[143.636,-13.982],[143.621,-13.96],[143.601,-13.909],[143.591,-13.859],[143.547,-13.803],[143.531,-13.752],[143.542,-13.723],[143.547,-13.643],[143.561,-13.585],[143.586,-13.544],[143.579,-13.509],[143.597,-13.442],[143.596,-13.413],[143.58,-13.374],[143.538,-13.35],[143.525,-13.319],[143.517,-13.258],[143.52,-13.171],[143.502,-13.124],[143.507,-13.041],[143.515,-13.009],[143.498,-12.953],[143.512,-12.902],[143.543,-12.846],[143.517,-12.845],[143.474,-12.865],[143.449,-12.849],[143.407,-12.867],[143.398,-12.888],[143.35,-12.889],[143.359,-12.836],[143.357,-12.804],[143.381,-12.752],[143.399,-12.698],[143.406,-12.657],[143.437,-12.622],[143.413,-12.594],[143.393,-12.596],[143.354,-12.564],[143.337,-12.566],[143.302,-12.545],[143.275,-12.509],[143.278,-12.452],[143.267,-12.395],[143.23,-12.382],[143.193,-12.35],[143.092,-12.343],[143.077,-12.331],[143.081,-12.289],[143.094,-12.253],[143.097,-12.219],[143.087,-12.198],[143.093,-12.158],[143.134,-12.091],[143.186,-11.991],[143.148,-11.942],[143.148,-11.919],[143.106,-11.897],[143.04,-11.933],[142.97,-11.931],[142.946,-11.9],[142.909,-11.89],[142.9,-11.872],[142.876,-11.868],[142.856,-11.846],[142.853,-11.79],[142.863,-11.747],[142.859,-11.636],[142.853,-11.588],[142.836,-11.56],[142.84,-11.493],[142.827,-11.479],[142.832,-11.435],[142.868,-11.384],[142.864,-11.359],[142.821,-11.293],[142.802,-11.291],[142.783,-11.223],[142.796,-11.187],[142.799,-11.153],[142.788,-11.128],[142.786,-11.074],[142.749,-11.027],[142.746,-10.994],[142.711,-10.969],[142.681,-10.972],[142.668,-10.945],[142.609,-10.934],[142.617,-10.892],[142.589,-10.868],[142.546,-10.892],[142.543,-10.908],[142.516,-10.909],[142.513,-10.86],[142.54,-10.84],[142.606,-10.748],[142.588,-10.733],[142.558,-10.728],[142.528,-10.695],[142.498,-10.716],[142.448,-10.718],[142.427,-10.738],[142.394,-10.822],[142.366,-10.848],[142.356,-10.879],[142.319,-10.906],[142.281,-10.918],[142.249,-10.91],[142.217,-10.923],[142.194,-10.915],[142.135,-10.949],[142.126,-10.981],[142.145,-11.039],[142.157,-11.122],[142.148,-11.138],[142.139,-11.203],[142.119,-11.226],[142.126,-11.247],[142.126,-11.312],[142.117,-11.374],[142.097,-11.445],[142.067,-11.525],[142.051,-11.555],[142.043,-11.591],[142.016,-11.673],[142.002,-11.753],[141.977,-11.777],[141.962,-11.821],[141.95,-11.885],[141.942,-11.974],[141.972,-11.98],[142.001,-12.014],[142.012,-12.039],[141.994,-12.06],[141.958,-12.042],[141.932,-12.071],[141.887,-11.985],[141.88,-11.954],[141.85,-11.984],[141.821,-12.031],[141.732,-12.223],[141.716,-12.234],[141.703,-12.265],[141.688,-12.328],[141.649,-12.431],[141.617,-12.495],[141.591,-12.564],[141.624,-12.582],[141.661,-12.561],[141.687,-12.561],[141.709,-12.519],[141.755,-12.536],[141.78,-12.574],[141.813,-12.586],[141.822,-12.601],[141.873,-12.59],[141.889,-12.614],[141.861,-12.636],[141.832,-12.642],[141.84,-12.667],[141.874,-12.673],[141.863,-12.693],[141.806,-12.678],[141.795,-12.729],[141.758,-12.825],[141.736,-12.857],[141.71,-12.879],[141.686,-12.883],[141.65,-12.918],[141.629,-12.916],[141.601,-12.952],[141.583,-12.997],[141.614,-13.03],[141.619,-13.072],[141.614,-13.092],[141.63,-13.159],[141.648,-13.174],[141.658,-13.204],[141.68,-13.218],[141.696,-13.265],[141.682,-13.303],[141.63,-13.368],[141.59,-13.464],[141.551,-13.507],[141.523,-13.572],[141.503,-13.658],[141.499,-13.713],[141.49,-13.771],[141.467,-13.864],[141.474,-13.941],[141.512,-13.995],[141.573,-14.057],[141.599,-14.117],[141.594,-14.156],[141.602,-14.233],[141.598,-14.258],[141.551,-14.38],[141.532,-14.449],[141.526,-14.487],[141.554,-14.593],[141.553,-14.642],[141.566,-14.707],[141.567,-14.74],[141.585,-14.815],[141.59,-14.857],[141.634,-14.952],[141.661,-14.986],[141.668,-15.009],[141.66,-15.055],[141.645,-15.071],[141.63,-15.109],[141.639,-15.131],[141.627,-15.161],[141.578,-15.209],[141.577,-15.259],[141.564,-15.307],[141.546,-15.331],[141.533,-15.384],[141.5,-15.47],[141.469,-15.532],[141.449,-15.609],[141.424,-15.726],[141.416,-15.838],[141.393,-15.913],[141.373,-15.917],[141.393,-15.951],[141.41,-16.026],[141.431,-16.062],[141.422,-16.105],[141.347,-16.23],[141.344,-16.27],[141.317,-16.352],[141.287,-16.426],[141.305,-16.46],[141.296,-16.496],[141.274,-16.543],[141.255,-16.555],[141.233,-16.588],[141.221,-16.656],[141.184,-16.721],[141.114,-16.791],[141.08,-16.807],[141.079,-16.836],[141.065,-16.87],[141.011,-16.941],[140.974,-16.97],[140.958,-16.998],[140.947,-17.041],[140.957,-17.091],[140.946,-17.159],[140.913,-17.232],[140.907,-17.289],[140.893,-17.349],[140.88,-17.385],[140.827,-17.458],[140.769,-17.478],[140.736,-17.512],[140.71,-17.51],[140.671,-17.537],[140.63,-17.575],[140.566,-17.602],[140.516,-17.631],[140.462,-17.649],[140.448,-17.642],[140.378,-17.68],[140.309,-17.689],[140.22,-17.706],[140.207,-17.703],[140.093,-17.723],[140.019,-17.718],[139.983,-17.705],[139.941,-17.66],[139.941,-17.638],[139.924,-17.624],[139.847,-17.596],[139.822,-17.571],[139.809,-17.578],[139.753,-17.576],[139.718,-17.548],[139.651,-17.537],[139.615,-17.517],[139.592,-17.484],[139.548,-17.467],[139.532,-17.439],[139.477,-17.401],[139.417,-17.375],[139.342,-17.375],[139.287,-17.351],[139.248,-17.327],[139.208,-17.282],[139.172,-17.21],[139.155,-17.164],[139.141,-17.073],[139.158,-17.03],[139.08,-16.991],[139.077,-16.978],[139.043,-16.95],[139.039,-16.912],[139,-16.892],[138.945,-16.889],[138.916,-16.876],[138.899,-16.884],[138.837,-16.864],[138.752,-16.826],[138.674,-16.796],[138.656,-16.777],[138.627,-16.768],[138.54,-16.782],[138.477,-16.783],[138.451,-16.773],[138.428,-16.777],[138.372,-16.743],[138.315,-16.743],[138.266,-16.717],[138.195,-16.696],[138.117,-16.648],[138.06,-16.598],[138.042,-16.574],[137.995,-16.538],[137.995,-16.913],[137.995,-17.422],[137.995,-17.786],[137.996,-18.178],[137.996,-18.616],[137.996,-19.06],[137.996,-19.293],[137.996,-19.676],[137.996,-19.952],[137.997,-20.224],[137.997,-20.548],[137.997,-20.792],[137.997,-21.194],[137.997,-21.493],[137.998,-21.842],[137.998,-22.075],[137.998,-22.452],[137.998,-22.743],[137.998,-23.164],[137.999,-23.521],[137.999,-23.872],[137.999,-24.385],[137.999,-24.835],[137.999,-25.14],[137.999,-25.546],[137.999,-25.997],[138.387,-25.997],[138.697,-25.997],[138.99,-25.997],[139.392,-25.997],[139.793,-25.997],[140.115,-25.997],[140.437,-25.996],[140.758,-25.996],[140.999,-25.996],[140.999,-26.274],[140.999,-26.762],[141,-27.103],[141,-27.336],[141,-27.656],[141,-28.005],[140.999,-28.27],[140.999,-28.69],[140.999,-28.999],[141.2,-28.999],[141.591,-28.999],[142.019,-28.999],[142.4,-28.999],[142.6,-28.999],[143.001,-28.999],[143.4,-28.999],[143.85,-28.999],[144.167,-28.999],[144.48,-28.999],[144.926,-28.999],[145.255,-28.999],[145.749,-28.999],[146.082,-28.999],[146.329,-28.999],[146.75,-28.999],[147.109,-28.999],[147.369,-28.999],[147.744,-28.999],[148.179,-28.999],[148.715,-28.999],[148.958,-28.999],[148.972,-28.978],[149.035,-28.953],[149.064,-28.887],[149.098,-28.832],[149.128,-28.836],[149.14,-28.807],[149.16,-28.811],[149.187,-28.794],[149.188,-28.777],[149.246,-28.739],[149.28,-28.732],[149.294,-28.711],[149.363,-28.689],[149.388,-28.694],[149.431,-28.638],[149.456,-28.595],[149.508,-28.576],[149.598,-28.579],[149.648,-28.612],[149.697,-28.632],[149.71,-28.613],[149.744,-28.618],[149.831,-28.604],[149.943,-28.614],[149.979,-28.608],[150.031,-28.58],[150.077,-28.583],[150.165,-28.554],[150.214,-28.573],[150.235,-28.555],[150.293,-28.538],[150.33,-28.572],[150.362,-28.589],[150.37,-28.621],[150.416,-28.636],[150.442,-28.664],[150.486,-28.657],[150.534,-28.672],[150.583,-28.656],[150.6,-28.671],[150.633,-28.677],[150.67,-28.654],[150.701,-28.655],[150.727,-28.636],[150.752,-28.635],[150.815,-28.658],[150.89,-28.695],[150.905,-28.687],[150.931,-28.706],[150.952,-28.737],[150.979,-28.733],[151.026,-28.755],[151.025,-28.794],[151.041,-28.798],[151.039,-28.837],[151.059,-28.846],[151.103,-28.837],[151.132,-28.86],[151.161,-28.865],[151.2,-28.884],[151.215,-28.904],[151.275,-28.939],[151.272,-28.973],[151.283,-29.003],[151.286,-29.065],[151.279,-29.099],[151.318,-29.138],[151.312,-29.161],[151.339,-29.179],[151.358,-29.172],[151.395,-29.177],[151.458,-29.117],[151.463,-29.098],[151.487,-29.088],[151.495,-29.03],[151.506,-29.007],[151.537,-28.98],[151.545,-28.953],[151.612,-28.924],[151.637,-28.922],[151.706,-28.872],[151.726,-28.867],[151.746,-28.915],[151.773,-28.938],[151.84,-28.943],[151.84,-28.913],[151.896,-28.913],[151.923,-28.928],[151.961,-28.919],[151.995,-28.899],[152.011,-28.907],[152.036,-28.858],[152.036,-28.757],[152.042,-28.732],[152.076,-28.708],[152.068,-28.685],[152.039,-28.665],[152.014,-28.666],[151.991,-28.625],[151.986,-28.582],[151.957,-28.563],[151.955,-28.519],[152.017,-28.525],[152.08,-28.471],[152.122,-28.461],[152.165,-28.433],[152.205,-28.438],[152.217,-28.449],[152.267,-28.391],[152.282,-28.393],[152.307,-28.369],[152.357,-28.361],[152.385,-28.369],[152.418,-28.332],[152.411,-28.31],[152.444,-28.297],[152.463,-28.259],[152.509,-28.249],[152.536,-28.266],[152.526,-28.306],[152.58,-28.339],[152.618,-28.283],[152.64,-28.312],[152.723,-28.344],[152.751,-28.364],[152.777,-28.346],[152.793,-28.354],[152.831,-28.32],[152.878,-28.312],[152.939,-28.335],[153.065,-28.344],[153.108,-28.358],[153.13,-28.33],[153.126,-28.317],[153.169,-28.293],[153.171,-28.259],[153.188,-28.247],[153.233,-28.265],[153.244,-28.247],[153.277,-28.234],[153.33,-28.237],[153.339,-28.251],[153.39,-28.235],[153.406,-28.211],[153.468,-28.162],[153.486,-28.157],[153.531,-28.175],[153.552,-28.164],[153.525,-28.167],[153.478,-28.125],[153.45,-28.084],[153.438,-28.04],[153.429,-27.975],[153.41,-27.955],[153.408,-27.912],[153.393,-27.874],[153.402,-27.863],[153.371,-27.816],[153.373,-27.8],[153.384,-27.784],[153.425,-27.78],[153.436,-27.744],[153.415,-27.742],[153.406,-27.734],[153.402,-27.72],[153.391,-27.707],[153.357,-27.712],[153.323,-27.699],[153.311,-27.663],[153.311,-27.618],[153.302,-27.595],[153.308,-27.565],[153.278,-27.541],[153.289,-27.514],[153.261,-27.514],[153.26,-27.483],[153.222,-27.483],[153.197,-27.474],[153.17,-27.417],[153.179,-27.386],[153.202,-27.353],[153.189,-27.345],[153.156,-27.364],[153.139,-27.361],[153.083,-27.333],[153.064,-27.284],[153.08,-27.263],[153.108,-27.262],[153.118,-27.232],[153.115,-27.191],[153.089,-27.205],[153.05,-27.195],[153.029,-27.179],[153.064,-27.114],[153.109,-27.087],[153.144,-27.076],[153.113,-27.053],[153.073,-27.01],[153.066,-26.975],[153.043,-26.946],[153.082,-26.896],[153.109,-26.887],[153.11,-26.847],[153.123,-26.81],[153.151,-26.802],[153.137,-26.774],[153.138,-26.68],[153.109,-26.671],[153.101,-26.64],[153.098,-26.58],[153.103,-26.547],[153.093,-26.532],[153.099,-26.47],[153.117,-26.38],[153.093,-26.386],[153.069,-26.362],[153.061,-26.313],[153.068,-26.265],[153.097,-26.154],[153.149,-26.013],[153.164,-25.95],[153.138,-25.945],[153.108,-25.922],[153.09,-25.897],[153.077,-25.855],[153.047,-25.861],[153.058,-25.9],[153.027,-25.908],[153.046,-25.929],[153.037,-25.964],[153.008,-25.979],[153.003,-25.956],[153.027,-25.939],[153.007,-25.918],[153.032,-25.879],[153.016,-25.824],[152.971,-25.794],[152.976,-25.771],[152.936,-25.744]]],[[[153.312,-24.956],[153.284,-24.925],[153.27,-24.893],[153.26,-24.812],[153.266,-24.7],[153.25,-24.698],[153.183,-24.738],[153.123,-24.804],[153.177,-24.839],[153.233,-24.928],[153.229,-24.981],[153.197,-25.036],[153.163,-25.081],[153.129,-25.113],[153.07,-25.157],[153.031,-25.176],[153,-25.208],[152.997,-25.226],[153.04,-25.225],[153.047,-25.257],[153.04,-25.277],[153.051,-25.345],[153.034,-25.382],[153.008,-25.412],[152.986,-25.449],[152.987,-25.51],[152.951,-25.552],[152.945,-25.586],[152.965,-25.604],[152.973,-25.648],[152.99,-25.689],[152.996,-25.732],[153.015,-25.769],[153.049,-25.796],[153.078,-25.792],[153.089,-25.758],[153.077,-25.688],[153.084,-25.639],[153.099,-25.586],[153.126,-25.513],[153.203,-25.338],[153.265,-25.21],[153.325,-25.081],[153.351,-25.032],[153.351,-24.968],[153.312,-24.956]]],[[[153.401,-27.5],[153.414,-27.594],[153.407,-27.609],[153.422,-27.642],[153.4,-27.661],[153.393,-27.707],[153.405,-27.722],[153.412,-27.738],[153.425,-27.74],[153.453,-27.714],[153.474,-27.604],[153.502,-27.523],[153.542,-27.437],[153.529,-27.426],[153.483,-27.416],[153.454,-27.388],[153.439,-27.413],[153.423,-27.47],[153.401,-27.5]]],[[[153.364,-27.128],[153.372,-27.169],[153.366,-27.201],[153.422,-27.333],[153.434,-27.318],[153.418,-27.274],[153.424,-27.172],[153.445,-27.092],[153.468,-27.028],[153.455,-27.024],[153.389,-27.043],[153.361,-27.061],[153.369,-27.11],[153.364,-27.128]]],[[[153.134,-26.889],[153.124,-26.881],[153.078,-26.907],[153.09,-26.943],[153.077,-26.979],[153.099,-27.014],[153.132,-27.036],[153.168,-27.1],[153.198,-27.096],[153.208,-27.082],[153.157,-26.973],[153.134,-26.889]]],[[[153.432,-27.793],[153.409,-27.823],[153.433,-27.827],[153.432,-27.793]]],[[[153.401,-27.645],[153.371,-27.646],[153.365,-27.696],[153.395,-27.692],[153.388,-27.659],[153.401,-27.645]]],[[[152.914,-25.526],[152.945,-25.514],[152.956,-25.495],[152.932,-25.482],[152.907,-25.506],[152.914,-25.526]]],[[[153.386,-27.786],[153.393,-27.793],[153.374,-27.809],[153.395,-27.819],[153.411,-27.789],[153.386,-27.786]]]]},"properties":{"code":"3","name":"Queensland"}},
{"type":"Feature","geometry":{"type":"MultiPolygon","coordinates":[[[[133.544,-32.294],[133.563,-32.317],[133.608,-32.301],[133.619,-32.274],[133.551,-32.264],[133.544,-32.294]]],[[[134.451,-33.763],[134.5,-33.739],[134.538,-33.713],[134.528,-33.678],[134.469,-33.694],[134.465,-33.737],[134.451,-33.763]]],[[[137.35,-34.482],[137.342,-34.526],[137.364,-34.53],[137.38,-34.497],[137.35,-34.482]]],[[[129.002,-31.687],[129.05,-31.675],[129.14,-31.668],[129.195,-31.659],[129.289,-31.652],[129.37,-31.64],[129.433,-31.637],[129.528,-31.623],[129.616,-31.616],[129.681,-31.617],[129.77,-31.608],[129.833,-31.608],[129.938,-31.589],[130.12,-31.586],[130.158,-31.576],[130.222,-31.58],[130.275,-31.574],[130.345,-31.584],[130.429,-31.584],[130.489,-31.593],[130.568,-31.586],[130.673,-31.601],[130.791,-31.607],[130.846,-31.598],[131.026,-31.538],[131.058,-31.522],[131.082,-31.491],[131.13,-31.464],[131.187,-31.472],[131.245,-31.492],[131.48,-31.588],[131.57,-31.628],[131.683,-31.681],[131.803,-31.745],[131.856,-31.786],[131.909,-31.814],[132.001,-31.877],[132.073,-31.918],[132.117,-31.955],[132.152,-32.003],[132.176,-32.018],[132.271,-32.032],[132.278,-32.024],[132.335,-32.029],[132.343,-32.014],[132.382,-32.01],[132.437,-31.993],[132.455,-31.961],[132.478,-31.946],[132.531,-31.935],[132.595,-31.934],[132.666,-31.957],[132.745,-31.949],[132.779,-31.959],[132.848,-31.994],[132.903,-32.036],[132.974,-32.073],[132.983,-32.098],[133.008,-32.084],[133.055,-32.105],[133.1,-32.135],[133.136,-32.171],[133.179,-32.172],[133.258,-32.206],[133.278,-32.184],[133.335,-32.18],[133.408,-32.199],[133.398,-32.138],[133.449,-32.119],[133.475,-32.101],[133.535,-32.166],[133.584,-32.142],[133.573,-32.121],[133.582,-32.096],[133.601,-32.084],[133.672,-32.107],[133.67,-32.135],[133.693,-32.156],[133.683,-32.193],[133.753,-32.204],[133.755,-32.233],[133.774,-32.263],[133.826,-32.238],[133.867,-32.279],[133.881,-32.305],[133.902,-32.318],[133.947,-32.412],[133.919,-32.428],[133.867,-32.42],[133.851,-32.462],[133.862,-32.483],[133.847,-32.508],[133.867,-32.537],[133.894,-32.528],[133.921,-32.495],[133.945,-32.493],[133.991,-32.505],[134.007,-32.475],[134.042,-32.459],[134.078,-32.47],[134.119,-32.454],[134.183,-32.482],[134.25,-32.55],[134.278,-32.609],[134.283,-32.654],[134.294,-32.662],[134.264,-32.73],[134.232,-32.762],[134.231,-32.781],[134.197,-32.795],[134.189,-32.77],[134.199,-32.749],[134.145,-32.72],[134.107,-32.721],[134.09,-32.712],[134.06,-32.722],[134.12,-32.785],[134.138,-32.832],[134.132,-32.857],[134.077,-32.882],[134.072,-32.913],[134.127,-32.934],[134.162,-32.925],[134.179,-32.932],[134.202,-32.964],[134.206,-32.988],[134.19,-33.016],[134.167,-33.009],[134.147,-33.029],[134.169,-33.051],[134.2,-33.035],[134.237,-33.051],[134.267,-33.138],[134.26,-33.153],[134.317,-33.187],[134.349,-33.191],[134.351,-33.139],[134.295,-33.118],[134.263,-33.083],[134.28,-33.053],[134.307,-33.089],[134.331,-33.096],[134.36,-33.127],[134.369,-33.176],[134.415,-33.149],[134.45,-33.145],[134.506,-33.161],[134.574,-33.192],[134.609,-33.218],[134.624,-33.195],[134.576,-33.189],[134.558,-33.161],[134.601,-33.141],[134.634,-33.162],[134.667,-33.161],[134.7,-33.173],[134.718,-33.197],[134.718,-33.231],[134.664,-33.233],[134.739,-33.276],[134.76,-33.308],[134.802,-33.328],[134.843,-33.431],[134.861,-33.505],[134.863,-33.548],[134.84,-33.593],[134.845,-33.632],[134.937,-33.692],[135.026,-33.744],[135.082,-33.804],[135.129,-33.836],[135.163,-33.878],[135.182,-33.878],[135.2,-33.923],[135.252,-33.981],[135.27,-34.016],[135.281,-34.072],[135.275,-34.115],[135.241,-34.148],[135.292,-34.175],[135.315,-34.202],[135.344,-34.261],[135.365,-34.383],[135.359,-34.42],[135.388,-34.441],[135.402,-34.518],[135.446,-34.537],[135.444,-34.57],[135.461,-34.587],[135.517,-34.611],[135.451,-34.616],[135.447,-34.63],[135.393,-34.638],[135.361,-34.62],[135.35,-34.575],[135.304,-34.56],[135.314,-34.527],[135.295,-34.509],[135.261,-34.51],[135.216,-34.495],[135.21,-34.434],[135.173,-34.465],[135.13,-34.528],[135.129,-34.59],[135.174,-34.555],[135.229,-34.544],[135.277,-34.568],[135.298,-34.598],[135.324,-34.609],[135.349,-34.65],[135.345,-34.681],[135.409,-34.7],[135.474,-34.744],[135.502,-34.784],[135.605,-34.879],[135.624,-34.908],[135.619,-34.939],[135.655,-34.937],[135.684,-34.946],[135.712,-34.865],[135.763,-34.857],[135.817,-34.868],[135.847,-34.881],[135.864,-34.919],[135.929,-34.948],[135.941,-34.986],[135.984,-34.989],[136.003,-34.976],[135.988,-34.953],[135.993,-34.93],[135.963,-34.877],[135.96,-34.848],[135.994,-34.827],[136.013,-34.763],[135.961,-34.784],[135.93,-34.768],[135.897,-34.804],[135.834,-34.819],[135.786,-34.81],[135.846,-34.753],[135.879,-34.76],[135.88,-34.72],[135.854,-34.715],[135.861,-34.635],[135.911,-34.61],[135.904,-34.586],[135.931,-34.53],[135.958,-34.51],[136.017,-34.508],[136.028,-34.482],[136.062,-34.48],[136.076,-34.506],[136.11,-34.517],[136.122,-34.467],[136.119,-34.407],[136.104,-34.383],[136.131,-34.344],[136.188,-34.335],[136.26,-34.269],[136.265,-34.24],[136.3,-34.196],[136.324,-34.182],[136.331,-34.148],[136.354,-34.12],[136.347,-34.1],[136.363,-34.069],[136.448,-34.005],[136.512,-33.981],[136.577,-33.942],[136.572,-33.924],[136.594,-33.899],[136.645,-33.887],[136.691,-33.866],[136.728,-33.836],[136.778,-33.831],[136.8,-33.803],[136.857,-33.798],[136.95,-33.756],[136.99,-33.726],[137.026,-33.72],[137.07,-33.699],[137.124,-33.701],[137.168,-33.69],[137.209,-33.664],[137.252,-33.608],[137.277,-33.569],[137.296,-33.506],[137.325,-33.459],[137.361,-33.439],[137.361,-33.415],[137.384,-33.377],[137.377,-33.344],[137.383,-33.297],[137.407,-33.273],[137.439,-33.218],[137.442,-33.152],[137.462,-33.129],[137.492,-33.12],[137.535,-33.095],[137.574,-33.045],[137.596,-33.035],[137.595,-32.999],[137.612,-32.974],[137.661,-32.951],[137.692,-32.96],[137.721,-32.99],[137.783,-32.993],[137.758,-32.946],[137.754,-32.91],[137.79,-32.916],[137.793,-32.871],[137.811,-32.852],[137.797,-32.782],[137.81,-32.748],[137.758,-32.694],[137.752,-32.677],[137.766,-32.6],[137.75,-32.53],[137.784,-32.529],[137.781,-32.552],[137.823,-32.561],[137.804,-32.608],[137.867,-32.663],[137.86,-32.689],[137.942,-32.756],[137.903,-32.777],[137.912,-32.853],[137.925,-32.875],[137.94,-32.948],[137.966,-33.017],[138.019,-33.036],[138.042,-33.077],[138.036,-33.103],[138.048,-33.136],[138.018,-33.161],[138.001,-33.144],[137.977,-33.145],[137.88,-33.183],[137.838,-33.207],[137.813,-33.261],[137.817,-33.286],[137.861,-33.329],[137.883,-33.359],[137.871,-33.397],[137.909,-33.438],[137.943,-33.508],[137.938,-33.544],[137.976,-33.55],[137.965,-33.574],[137.937,-33.573],[137.919,-33.587],[137.879,-33.597],[137.862,-33.627],[137.835,-33.642],[137.798,-33.686],[137.773,-33.697],[137.737,-33.738],[137.727,-33.768],[137.642,-33.832],[137.601,-33.877],[137.629,-33.902],[137.631,-33.922],[137.602,-33.935],[137.564,-33.972],[137.559,-33.989],[137.531,-34.001],[137.559,-34.022],[137.567,-34.044],[137.516,-34.135],[137.449,-34.139],[137.5,-34.226],[137.499,-34.318],[137.484,-34.343],[137.472,-34.397],[137.447,-34.398],[137.438,-34.428],[137.48,-34.436],[137.487,-34.481],[137.476,-34.519],[137.507,-34.583],[137.506,-34.647],[137.493,-34.669],[137.476,-34.763],[137.459,-34.81],[137.457,-34.89],[137.449,-34.91],[137.41,-34.942],[137.375,-34.954],[137.347,-34.93],[137.304,-34.924],[137.276,-34.894],[137.222,-34.905],[137.2,-34.901],[137.158,-34.916],[137.077,-34.919],[137.048,-34.904],[137.009,-34.898],[137.013,-34.92],[136.978,-34.95],[136.971,-34.996],[136.933,-35.025],[136.96,-35.089],[136.934,-35.139],[136.895,-35.162],[136.89,-35.184],[136.846,-35.19],[136.846,-35.229],[136.83,-35.25],[136.851,-35.282],[136.883,-35.3],[136.9,-35.286],[136.944,-35.282],[137.001,-35.223],[137.049,-35.223],[137.144,-35.243],[137.188,-35.23],[137.19,-35.209],[137.211,-35.183],[137.26,-35.159],[137.334,-35.168],[137.352,-35.134],[137.424,-35.098],[137.468,-35.1],[137.511,-35.119],[137.555,-35.117],[137.61,-35.146],[137.638,-35.168],[137.681,-35.165],[137.688,-35.148],[137.759,-35.114],[137.727,-35.049],[137.764,-35.041],[137.757,-34.998],[137.784,-34.947],[137.8,-34.878],[137.832,-34.813],[137.858,-34.774],[137.881,-34.695],[137.877,-34.668],[137.907,-34.615],[137.876,-34.598],[137.885,-34.567],[137.885,-34.515],[137.899,-34.493],[137.916,-34.431],[137.946,-34.399],[138.007,-34.349],[138.021,-34.285],[138.002,-34.262],[138.027,-34.223],[138.046,-34.171],[138.068,-34.141],[138.09,-34.132],[138.159,-34.209],[138.167,-34.238],[138.159,-34.272],[138.195,-34.274],[138.222,-34.31],[138.231,-34.344],[138.225,-34.366],[138.24,-34.386],[138.258,-34.434],[138.264,-34.474],[138.332,-34.52],[138.364,-34.578],[138.406,-34.599],[138.442,-34.646],[138.431,-34.668],[138.472,-34.697],[138.493,-34.721],[138.526,-34.738],[138.551,-34.788],[138.541,-34.813],[138.51,-34.8],[138.516,-34.772],[138.478,-34.783],[138.489,-34.819],[138.476,-34.857],[138.51,-34.969],[138.517,-35.027],[138.467,-35.121],[138.465,-35.173],[138.47,-35.239],[138.444,-35.271],[138.448,-35.312],[138.44,-35.351],[138.382,-35.371],[138.341,-35.393],[138.29,-35.472],[138.194,-35.524],[138.169,-35.518],[138.123,-35.561],[138.094,-35.603],[138.096,-35.624],[138.165,-35.661],[138.223,-35.662],[138.266,-35.641],[138.3,-35.638],[138.41,-35.641],[138.431,-35.629],[138.526,-35.641],[138.569,-35.607],[138.632,-35.544],[138.691,-35.533],[138.711,-35.513],[138.768,-35.522],[138.889,-35.562],[138.951,-35.591],[139.032,-35.636],[139.103,-35.68],[139.212,-35.755],[139.331,-35.851],[139.414,-35.927],[139.484,-36],[139.551,-36.077],[139.591,-36.129],[139.655,-36.222],[139.709,-36.312],[139.788,-36.469],[139.821,-36.557],[139.861,-36.687],[139.862,-36.768],[139.85,-36.823],[139.819,-36.869],[139.78,-36.899],[139.747,-36.91],[139.67,-36.959],[139.742,-37.024],[139.745,-37.075],[139.782,-37.096],[139.794,-37.146],[139.777,-37.165],[139.74,-37.18],[139.758,-37.194],[139.796,-37.259],[139.831,-37.305],[139.866,-37.336],[139.889,-37.374],[139.981,-37.466],[140.015,-37.488],[140.032,-37.474],[140.06,-37.484],[140.129,-37.542],[140.113,-37.576],[140.185,-37.622],[140.267,-37.71],[140.318,-37.788],[140.377,-37.898],[140.421,-37.93],[140.454,-37.936],[140.49,-37.96],[140.517,-37.99],[140.571,-38.022],[140.642,-38.041],[140.662,-38.06],[140.717,-38.052],[140.768,-38.057],[140.79,-38.045],[140.842,-38.041],[140.966,-38.056],[140.971,-37.767],[140.974,-37.462],[140.971,-37.229],[140.972,-37.067],[140.969,-36.734],[140.967,-36.374],[140.964,-35.996],[140.963,-35.749],[140.966,-35.389],[140.966,-35.008],[140.965,-34.638],[140.963,-34.203],[140.964,-33.981],[141.003,-34.022],[141.003,-33.571],[141.002,-33.062],[141.002,-32.631],[141.002,-32.345],[141.001,-31.979],[141.001,-31.684],[141.001,-31.338],[141.001,-31.093],[141.001,-30.708],[141,-30.266],[141,-30.051],[141,-29.732],[141,-29.472],[140.999,-28.999],[140.999,-28.69],[140.999,-28.27],[141,-28.005],[141,-27.656],[141,-27.336],[141,-27.103],[140.999,-26.762],[140.999,-26.274],[140.999,-25.996],[140.758,-25.996],[140.437,-25.996],[140.115,-25.997],[139.793,-25.997],[139.392,-25.997],[138.99,-25.997],[138.697,-25.997],[138.387,-25.997],[137.999,-25.997],[137.509,-25.997],[137.249,-25.997],[136.916,-25.998],[136.666,-25.998],[136.249,-25.998],[135.806,-25.999],[135.525,-25.999],[135.167,-25.999],[134.705,-25.999],[134.381,-25.999],[134.101,-25.999],[133.723,-25.999],[133.5,-25.999],[133.112,-25.999],[132.846,-25.999],[132.501,-25.999],[132.045,-25.999],[131.696,-25.999],[131.372,-25.999],[131.016,-25.999],[130.529,-25.999],[130.247,-25.999],[129.893,-25.999],[129.527,-25.999],[129.002,-25.999],[129.002,-26.367],[129.002,-26.745],[129.002,-28.116],[129.002,-29.033],[129.002,-30.305],[129.002,-30.764],[129.002,-31.361],[129.002,-31.687]]],[[[137.565,-35.572],[137.511,-35.595],[137.495,-35.581],[137.451,-35.596],[137.384,-35.591],[137.313,-35.579],[137.267,-35.603],[137.234,-35.607],[137.204,-35.624],[137.142,-35.629],[137.121,-35.652],[137.069,-35.668],[136.949,-35.675],[136.859,-35.694],[136.784,-35.7],[136.751,-35.724],[136.718,-35.722],[136.697,-35.739],[136.629,-35.749],[136.587,-35.749],[136.574,-35.765],[136.579,-35.795],[136.561,-35.828],[136.564,-35.849],[136.533,-35.875],[136.543,-35.896],[136.604,-35.961],[136.653,-35.965],[136.689,-36.005],[136.708,-36.037],[136.727,-36.045],[136.816,-36.036],[136.832,-36.02],[136.86,-36.017],[136.915,-36.043],[136.943,-36.027],[136.997,-36.018],[137.049,-36.027],[137.103,-36.018],[137.131,-36.034],[137.176,-36.01],[137.198,-35.975],[137.293,-35.99],[137.371,-35.998],[137.384,-36.015],[137.463,-36.072],[137.504,-36.056],[137.537,-36.026],[137.603,-36.009],[137.618,-35.975],[137.599,-35.951],[137.607,-35.919],[137.663,-35.884],[137.726,-35.877],[137.743,-35.853],[137.804,-35.852],[137.883,-35.871],[137.91,-35.86],[137.938,-35.865],[138.022,-35.903],[138.041,-35.904],[138.111,-35.848],[138.119,-35.82],[138.067,-35.78],[138.069,-35.763],[138.046,-35.743],[137.973,-35.72],[137.907,-35.717],[137.892,-35.758],[137.852,-35.795],[137.823,-35.8],[137.795,-35.834],[137.749,-35.834],[137.744,-35.806],[137.803,-35.758],[137.78,-35.724],[137.732,-35.736],[137.668,-35.74],[137.602,-35.736],[137.578,-35.714],[137.606,-35.679],[137.643,-35.655],[137.617,-35.636],[137.583,-35.642],[137.57,-35.619],[137.634,-35.568],[137.565,-35.572]]],[[[136.146,-34.998],[136.157,-35.008],[136.154,-35.045],[136.179,-35.059],[136.194,-35.016],[136.146,-34.984],[136.109,-34.934],[136.083,-34.945],[136.084,-34.967],[136.146,-34.998]]]]},"properties":{"code":"4","name":"South Australia"}},
{"type":"Feature","geometry":{"type":"MultiPolygon","coordinates":[[[[113.103,-25.172],[113.111,-25.107],[113.128,-25.06],[113.102,-25.033],[113.088,-25.07],[113.095,-25.121],[113.087,-25.192],[113.069,-25.238],[113.088,-25.24],[113.091,-25.188],[113.103,-25.172]]],[[[113.126,-24.893],[113.159,-24.828],[113.166,-24.774],[113.14,-24.791],[113.128,-24.844],[113.126,-24.893]]],[[[114.504,-22.016],[114.529,-22.053],[114.546,-22.044],[114.54,-22.007],[114.51,-21.994],[114.504,-22.016]]],[[[113.012,-25.517],[112.972,-25.48],[112.928,-25.529],[112.921,-25.588],[112.93,-25.639],[112.98,-25.749],[112.974,-25.794],[113.023,-25.86],[113.031,-25.894],[113.062,-25.945],[113.112,-25.994],[113.156,-26.052],[113.18,-26.12],[113.209,-26.136],[113.236,-26.091],[113.222,-26.053],[113.194,-26.001],[113.167,-25.98],[113.137,-25.977],[113.127,-25.922],[113.156,-25.888],[113.11,-25.868],[113.115,-25.839],[113.097,-25.789],[113.077,-25.769],[113.038,-25.633],[113.009,-25.558],[113.012,-25.517]]],[[[113.917,-25.859],[113.91,-25.818],[113.881,-25.801],[113.856,-25.811],[113.855,-25.845],[113.88,-25.887],[113.908,-25.898],[113.922,-25.884],[113.917,-25.859]]],[[[115.322,-20.808],[115.308,-20.869],[115.357,-20.867],[115.374,-20.891],[115.416,-20.867],[115.425,-20.838],[115.447,-20.829],[115.471,-20.776],[115.477,-20.734],[115.461,-20.705],[115.467,-20.68],[115.436,-20.666],[115.421,-20.679],[115.375,-20.747],[115.322,-20.808]]],[[[116.824,-20.498],[116.836,-20.519],[116.866,-20.495],[116.881,-20.432],[116.851,-20.449],[116.824,-20.498]]],[[[116.55,-20.605],[116.513,-20.583],[116.478,-20.595],[116.477,-20.612],[116.502,-20.622],[116.553,-20.62],[116.55,-20.605]]],[[[116.597,-20.689],[116.575,-20.709],[116.601,-20.729],[116.637,-20.7],[116.597,-20.689]]],[[[116.922,-20.41],[116.851,-20.364],[116.847,-20.377],[116.922,-20.41]]],[[[117.711,-20.643],[117.733,-20.654],[117.744,-20.627],[117.718,-20.608],[117.711,-20.643]]],[[[116.61,-20.455],[116.576,-20.483],[116.606,-20.49],[116.61,-20.455]]],[[[116.658,-20.594],[116.642,-20.624],[116.667,-20.628],[116.677,-20.599],[116.658,-20.594]]],[[[115.541,-31.994],[115.511,-31.988],[115.489,-32.019],[115.551,-32.012],[115.541,-31.994]]],[[[123.205,-34.117],[123.202,-34.093],[123.174,-34.09],[123.157,-34.11],[123.205,-34.117]]],[[[123.475,-16.63],[123.505,-16.641],[123.527,-16.624],[123.476,-16.616],[123.475,-16.63]]],[[[123.202,-16.389],[123.172,-16.387],[123.186,-16.433],[123.203,-16.414],[123.202,-16.389]]],[[[124.504,-15.385],[124.547,-15.373],[124.555,-15.394],[124.523,-15.436],[124.536,-15.448],[124.572,-15.442],[124.655,-15.4],[124.623,-15.389],[124.626,-15.375],[124.587,-15.319],[124.559,-15.306],[124.568,-15.267],[124.505,-15.282],[124.493,-15.297],[124.5,-15.32],[124.482,-15.328],[124.473,-15.355],[124.486,-15.386],[124.504,-15.385]]],[[[124.378,-15.322],[124.41,-15.299],[124.44,-15.32],[124.463,-15.303],[124.456,-15.268],[124.425,-15.257],[124.4,-15.289],[124.35,-15.296],[124.358,-15.325],[124.378,-15.322]]],[[[124.809,-15.238],[124.791,-15.287],[124.815,-15.294],[124.849,-15.275],[124.857,-15.256],[124.836,-15.238],[124.809,-15.238]]],[[[123.766,-16.155],[123.777,-16.126],[123.707,-16.106],[123.696,-16.115],[123.766,-16.155]]],[[[124.586,-15.951],[124.592,-15.916],[124.546,-15.936],[124.549,-15.968],[124.586,-15.951]]],[[[124.282,-15.294],[124.276,-15.28],[124.233,-15.297],[124.278,-15.313],[124.282,-15.294]]],[[[123.548,-16.1],[123.551,-16.068],[123.524,-16.079],[123.548,-16.1]]],[[[125.023,-15.323],[124.99,-15.363],[125.016,-15.374],[125.036,-15.329],[125.023,-15.323]]],[[[128.127,-15.157],[128.172,-15.176],[128.194,-15.163],[128.201,-15.131],[128.164,-15.097],[128.156,-15.057],[128.13,-15.041],[128.115,-15.113],[128.127,-15.157]]],[[[125.178,-15.05],[125.152,-15.064],[125.17,-15.081],[125.171,-15.12],[125.187,-15.123],[125.216,-15.105],[125.227,-15.065],[125.176,-15.065],[125.178,-15.05]]],[[[124.911,-15.021],[124.948,-15.044],[124.959,-15.032],[124.931,-15.003],[124.942,-14.989],[124.939,-14.955],[124.898,-14.975],[124.898,-15.005],[124.911,-15.021]]],[[[125.134,-14.647],[125.203,-14.589],[125.195,-14.561],[125.215,-14.497],[125.192,-14.478],[125.178,-14.452],[125.154,-14.454],[125.124,-14.487],[125.12,-14.506],[125.14,-14.549],[125.096,-14.552],[125.101,-14.633],[125.134,-14.647]]],[[[126.009,-14.282],[125.986,-14.29],[125.993,-14.335],[126.022,-14.349],[126.028,-14.307],[126.009,-14.282]]],[[[125.718,-14.477],[125.75,-14.467],[125.75,-14.447],[125.732,-14.408],[125.718,-14.477]]],[[[125.53,-14.428],[125.511,-14.454],[125.528,-14.49],[125.555,-14.478],[125.53,-14.428]]],[[[125.249,-14.622],[125.232,-14.623],[125.204,-14.652],[125.223,-14.66],[125.249,-14.622]]],[[[125.95,-14.337],[125.933,-14.375],[125.957,-14.374],[125.95,-14.337]]],[[[127.84,-14.464],[127.852,-14.479],[127.875,-14.459],[127.853,-14.437],[127.84,-14.464]]],[[[129.001,-14.88],[128.968,-14.878],[128.91,-14.856],[128.834,-14.859],[128.799,-14.845],[128.738,-14.839],[128.693,-14.8],[128.614,-14.789],[128.603,-14.804],[128.548,-14.771],[128.505,-14.781],[128.437,-14.811],[128.417,-14.797],[128.38,-14.816],[128.417,-14.833],[128.439,-14.852],[128.477,-14.912],[128.47,-14.926],[128.441,-14.914],[128.416,-14.914],[128.419,-14.95],[128.356,-14.886],[128.352,-14.973],[128.371,-15.059],[128.363,-15.067],[128.328,-14.974],[128.322,-14.931],[128.297,-14.936],[128.29,-14.975],[128.23,-15.001],[128.204,-15.059],[128.194,-15.097],[128.221,-15.131],[128.22,-15.204],[128.24,-15.248],[128.278,-15.279],[128.301,-15.32],[128.292,-15.362],[128.256,-15.316],[128.254,-15.302],[128.212,-15.261],[128.19,-15.231],[128.127,-15.184],[128.111,-15.208],[128.113,-15.257],[128.128,-15.292],[128.125,-15.375],[128.119,-15.416],[128.087,-15.477],[128.056,-15.474],[128.077,-15.434],[128.089,-15.39],[128.087,-15.366],[128.068,-15.337],[128.066,-15.312],[128.092,-15.28],[128.083,-15.262],[128.099,-15.167],[128.085,-15.155],[128.075,-15.107],[128.08,-15.088],[128.103,-15.065],[128.095,-15.043],[128.1,-15.013],[128.113,-14.993],[128.108,-14.947],[128.139,-14.871],[128.158,-14.841],[128.192,-14.837],[128.175,-14.79],[128.184,-14.715],[128.157,-14.705],[128.131,-14.664],[128.087,-14.646],[128.034,-14.584],[128,-14.57],[127.963,-14.59],[127.931,-14.557],[127.943,-14.522],[127.929,-14.503],[127.901,-14.503],[127.88,-14.471],[127.855,-14.487],[127.82,-14.441],[127.829,-14.403],[127.788,-14.388],[127.78,-14.333],[127.711,-14.256],[127.69,-14.244],[127.67,-14.192],[127.647,-14.179],[127.613,-14.143],[127.597,-14.146],[127.538,-14.088],[127.49,-14.065],[127.449,-14.054],[127.449,-14.025],[127.465,-13.995],[127.439,-13.972],[127.413,-13.961],[127.347,-13.907],[127.326,-13.929],[127.348,-13.948],[127.314,-13.96],[127.264,-13.901],[127.237,-13.907],[127.225,-13.943],[127.19,-13.951],[127.159,-13.932],[127.146,-13.979],[127.114,-13.962],[127.107,-13.943],[127.103,-13.884],[127.069,-13.896],[127.081,-13.855],[127.071,-13.836],[126.986,-13.783],[126.985,-13.766],[126.958,-13.742],[126.932,-13.741],[126.926,-13.775],[126.882,-13.749],[126.854,-13.757],[126.857,-13.796],[126.801,-13.777],[126.743,-13.792],[126.773,-13.861],[126.798,-13.884],[126.809,-13.917],[126.839,-13.928],[126.874,-13.954],[126.856,-13.972],[126.836,-13.972],[126.81,-13.99],[126.797,-13.972],[126.748,-13.978],[126.723,-13.997],[126.694,-14],[126.701,-14.022],[126.755,-14.042],[126.737,-14.067],[126.72,-14.115],[126.69,-14.108],[126.652,-14.073],[126.66,-14.112],[126.647,-14.138],[126.645,-14.185],[126.61,-14.198],[126.605,-14.233],[126.575,-14.229],[126.563,-14.167],[126.57,-14.14],[126.527,-14.156],[126.499,-14.13],[126.492,-14.099],[126.456,-14.099],[126.454,-14.077],[126.484,-14.047],[126.495,-14.007],[126.507,-14.01],[126.542,-13.962],[126.531,-13.941],[126.504,-13.966],[126.486,-13.995],[126.459,-14.006],[126.427,-13.997],[126.397,-14.015],[126.385,-14.047],[126.342,-14.045],[126.345,-14.096],[126.314,-14.097],[126.301,-14.141],[126.354,-14.185],[126.257,-14.238],[126.236,-14.224],[126.233,-14.176],[126.198,-14.177],[126.193,-14.13],[126.221,-14.112],[126.19,-14.068],[126.189,-14.046],[126.217,-14.043],[126.225,-14.028],[126.199,-14.006],[126.151,-14.01],[126.159,-13.968],[126.141,-13.96],[126.162,-13.924],[126.135,-13.919],[126.134,-13.942],[126.087,-13.921],[126.063,-13.943],[126.097,-13.999],[126.074,-14.03],[126.065,-13.988],[126.038,-13.999],[126.035,-14.031],[125.981,-14.007],[125.993,-14.068],[126.034,-14.095],[126.064,-14.073],[126.088,-14.086],[126.101,-14.075],[126.152,-14.125],[126.157,-14.179],[126.149,-14.208],[126.128,-14.233],[126.078,-14.238],[126.057,-14.256],[126.083,-14.303],[126.088,-14.33],[126.069,-14.362],[126.046,-14.359],[126.003,-14.4],[126.024,-14.431],[126.031,-14.47],[126.046,-14.472],[126.043,-14.537],[126.017,-14.519],[126.001,-14.554],[125.972,-14.545],[125.97,-14.522],[125.92,-14.539],[125.902,-14.569],[125.92,-14.584],[125.935,-14.617],[125.928,-14.645],[125.857,-14.613],[125.831,-14.575],[125.836,-14.524],[125.811,-14.479],[125.795,-14.466],[125.741,-14.486],[125.714,-14.482],[125.681,-14.566],[125.669,-14.609],[125.651,-14.619],[125.678,-14.546],[125.689,-14.493],[125.677,-14.451],[125.659,-14.442],[125.662,-14.4],[125.674,-14.36],[125.671,-14.331],[125.702,-14.348],[125.724,-14.311],[125.667,-14.276],[125.652,-14.251],[125.62,-14.234],[125.584,-14.26],[125.599,-14.277],[125.581,-14.316],[125.6,-14.344],[125.588,-14.358],[125.62,-14.413],[125.601,-14.434],[125.595,-14.464],[125.607,-14.515],[125.595,-14.536],[125.554,-14.557],[125.558,-14.531],[125.548,-14.51],[125.497,-14.517],[125.465,-14.549],[125.454,-14.578],[125.456,-14.6],[125.424,-14.6],[125.403,-14.568],[125.379,-14.573],[125.345,-14.551],[125.312,-14.574],[125.266,-14.589],[125.248,-14.62],[125.279,-14.639],[125.257,-14.678],[125.228,-14.663],[125.214,-14.669],[125.217,-14.706],[125.183,-14.707],[125.182,-14.739],[125.158,-14.735],[125.143,-14.752],[125.151,-14.775],[125.189,-14.785],[125.199,-14.837],[125.222,-14.858],[125.259,-14.855],[125.305,-14.881],[125.307,-14.924],[125.272,-14.931],[125.254,-14.907],[125.231,-14.92],[125.213,-14.969],[125.257,-14.946],[125.284,-14.975],[125.283,-14.995],[125.319,-15.006],[125.363,-15.006],[125.386,-15.033],[125.377,-15.071],[125.4,-15.089],[125.374,-15.11],[125.397,-15.132],[125.454,-15.13],[125.481,-15.136],[125.481,-15.155],[125.443,-15.149],[125.412,-15.158],[125.383,-15.143],[125.315,-15.155],[125.291,-15.143],[125.26,-15.104],[125.225,-15.104],[125.163,-15.151],[125.145,-15.135],[125.138,-15.103],[125.123,-15.092],[125.126,-15.043],[125.106,-15.043],[125.095,-15.068],[125.059,-15.028],[125.082,-15.005],[125.074,-14.976],[125.02,-15.003],[125.029,-15.066],[125.047,-15.078],[125.032,-15.109],[125.018,-15.1],[124.986,-15.117],[124.979,-15.134],[124.931,-15.114],[124.893,-15.114],[124.842,-15.158],[124.868,-15.204],[124.866,-15.236],[124.882,-15.26],[124.963,-15.198],[124.994,-15.198],[125.014,-15.176],[125.045,-15.159],[125.059,-15.178],[125.025,-15.216],[124.995,-15.238],[124.965,-15.213],[124.939,-15.224],[124.92,-15.254],[124.887,-15.28],[124.876,-15.305],[124.898,-15.34],[124.92,-15.356],[125.026,-15.3],[125.075,-15.316],[125.091,-15.355],[125.083,-15.404],[125.062,-15.462],[125.026,-15.483],[124.984,-15.47],[125.003,-15.448],[124.99,-15.426],[124.967,-15.417],[124.953,-15.386],[124.935,-15.384],[124.908,-15.361],[124.854,-15.351],[124.795,-15.297],[124.763,-15.294],[124.702,-15.257],[124.7,-15.278],[124.683,-15.298],[124.707,-15.321],[124.692,-15.333],[124.66,-15.337],[124.664,-15.36],[124.695,-15.355],[124.72,-15.377],[124.683,-15.392],[124.669,-15.429],[124.672,-15.453],[124.658,-15.478],[124.633,-15.438],[124.621,-15.485],[124.623,-15.502],[124.554,-15.502],[124.517,-15.469],[124.477,-15.478],[124.452,-15.495],[124.464,-15.509],[124.429,-15.561],[124.446,-15.668],[124.412,-15.667],[124.392,-15.729],[124.4,-15.779],[124.41,-15.806],[124.409,-15.864],[124.439,-15.87],[124.445,-15.852],[124.477,-15.863],[124.479,-15.925],[124.496,-15.946],[124.492,-15.981],[124.51,-15.988],[124.532,-15.957],[124.573,-15.862],[124.602,-15.818],[124.634,-15.79],[124.668,-15.777],[124.699,-15.78],[124.715,-15.812],[124.712,-15.837],[124.676,-15.863],[124.656,-15.854],[124.606,-15.898],[124.621,-15.917],[124.597,-15.943],[124.597,-15.977],[124.587,-16.012],[124.589,-16.113],[124.564,-16.12],[124.529,-16.163],[124.509,-16.155],[124.474,-16.11],[124.475,-16.075],[124.442,-16.076],[124.45,-16.121],[124.426,-16.176],[124.389,-16.185],[124.4,-16.202],[124.383,-16.227],[124.408,-16.251],[124.394,-16.282],[124.405,-16.301],[124.397,-16.331],[124.407,-16.351],[124.431,-16.359],[124.48,-16.356],[124.507,-16.344],[124.571,-16.329],[124.621,-16.336],[124.673,-16.35],[124.695,-16.345],[124.725,-16.372],[124.788,-16.386],[124.813,-16.416],[124.878,-16.41],[124.888,-16.428],[124.839,-16.433],[124.751,-16.39],[124.703,-16.401],[124.625,-16.405],[124.612,-16.412],[124.559,-16.407],[124.451,-16.409],[124.404,-16.371],[124.387,-16.346],[124.349,-16.389],[124.341,-16.424],[124.389,-16.415],[124.401,-16.425],[124.401,-16.467],[124.373,-16.443],[124.35,-16.459],[124.324,-16.418],[124.269,-16.415],[124.233,-16.419],[124.207,-16.394],[124.195,-16.343],[124.176,-16.312],[124.124,-16.28],[124.088,-16.272],[124.044,-16.273],[124.021,-16.258],[123.99,-16.259],[123.937,-16.231],[123.951,-16.262],[123.973,-16.273],[123.934,-16.297],[123.98,-16.347],[123.975,-16.379],[123.906,-16.335],[123.891,-16.399],[123.872,-16.425],[123.847,-16.407],[123.851,-16.372],[123.879,-16.353],[123.858,-16.32],[123.831,-16.324],[123.783,-16.284],[123.75,-16.272],[123.79,-16.232],[123.791,-16.2],[123.771,-16.171],[123.736,-16.152],[123.714,-16.168],[123.67,-16.15],[123.653,-16.167],[123.613,-16.16],[123.574,-16.174],[123.566,-16.2],[123.598,-16.254],[123.571,-16.276],[123.564,-16.298],[123.596,-16.318],[123.66,-16.314],[123.697,-16.338],[123.717,-16.372],[123.681,-16.375],[123.652,-16.367],[123.639,-16.377],[123.694,-16.421],[123.672,-16.435],[123.602,-16.421],[123.598,-16.406],[123.546,-16.401],[123.513,-16.424],[123.609,-16.455],[123.661,-16.485],[123.622,-16.492],[123.643,-16.53],[123.569,-16.516],[123.501,-16.487],[123.471,-16.542],[123.491,-16.546],[123.497,-16.58],[123.53,-16.547],[123.615,-16.554],[123.58,-16.594],[123.556,-16.613],[123.563,-16.63],[123.516,-16.642],[123.524,-16.666],[123.587,-16.669],[123.635,-16.696],[123.644,-16.716],[123.688,-16.756],[123.712,-16.753],[123.718,-16.785],[123.747,-16.831],[123.772,-16.891],[123.797,-16.912],[123.856,-16.892],[123.946,-16.846],[123.952,-16.868],[123.903,-16.887],[123.891,-16.907],[123.826,-16.959],[123.796,-17.004],[123.818,-17.054],[123.83,-17.135],[123.886,-17.187],[123.889,-17.222],[123.863,-17.217],[123.851,-17.194],[123.807,-17.169],[123.775,-17.128],[123.761,-17.088],[123.704,-17.043],[123.694,-17.056],[123.66,-17.04],[123.659,-17.008],[123.644,-16.998],[123.601,-17.011],[123.584,-17.033],[123.588,-17.093],[123.611,-17.142],[123.646,-17.184],[123.625,-17.196],[123.616,-17.267],[123.595,-17.357],[123.574,-17.367],[123.568,-17.414],[123.58,-17.422],[123.581,-17.487],[123.6,-17.515],[123.577,-17.528],[123.568,-17.508],[123.545,-17.496],[123.545,-17.47],[123.514,-17.418],[123.485,-17.398],[123.459,-17.351],[123.425,-17.325],[123.393,-17.316],[123.387,-17.249],[123.362,-17.207],[123.345,-17.163],[123.291,-17.108],[123.278,-17.036],[123.241,-16.987],[123.236,-16.971],[123.169,-16.925],[123.148,-16.92],[123.161,-16.862],[123.158,-16.807],[123.111,-16.784],[123.103,-16.745],[123.133,-16.737],[123.145,-16.708],[123.093,-16.708],[123.081,-16.689],[123.051,-16.691],[123.033,-16.646],[123.039,-16.621],[123.016,-16.612],[122.995,-16.619],[122.985,-16.594],[122.958,-16.588],[122.97,-16.561],[123,-16.527],[122.976,-16.515],[123.011,-16.452],[123.044,-16.46],[123.018,-16.409],[123.031,-16.384],[123.022,-16.365],[122.946,-16.402],[122.925,-16.389],[122.9,-16.441],[122.906,-16.486],[122.869,-16.51],[122.844,-16.549],[122.791,-16.567],[122.78,-16.579],[122.769,-16.633],[122.742,-16.683],[122.776,-16.735],[122.791,-16.734],[122.821,-16.753],[122.789,-16.764],[122.757,-16.746],[122.737,-16.774],[122.714,-16.786],[122.694,-16.777],[122.665,-16.794],[122.624,-16.798],[122.61,-16.766],[122.581,-16.764],[122.578,-16.78],[122.538,-16.831],[122.537,-16.851],[122.569,-16.903],[122.57,-16.929],[122.591,-16.955],[122.552,-16.96],[122.478,-16.908],[122.486,-16.937],[122.475,-16.977],[122.448,-16.954],[122.424,-16.96],[122.364,-17.001],[122.345,-17.043],[122.304,-17.061],[122.256,-17.113],[122.252,-17.128],[122.279,-17.146],[122.241,-17.168],[122.226,-17.186],[122.202,-17.246],[122.173,-17.264],[122.165,-17.329],[122.15,-17.355],[122.15,-17.481],[122.142,-17.489],[122.145,-17.56],[122.175,-17.608],[122.184,-17.668],[122.2,-17.685],[122.199,-17.773],[122.212,-17.853],[122.208,-17.934],[122.181,-17.98],[122.211,-17.989],[122.247,-17.953],[122.302,-17.974],[122.354,-17.976],[122.373,-17.994],[122.381,-18.071],[122.363,-18.128],[122.319,-18.165],[122.215,-18.204],[122.212,-18.224],[122.183,-18.239],[122.172,-18.266],[122.138,-18.302],[122.064,-18.326],[122.046,-18.357],[122.017,-18.391],[121.983,-18.405],[121.96,-18.429],[121.908,-18.461],[121.872,-18.472],[121.839,-18.444],[121.823,-18.447],[121.792,-18.482],[121.765,-18.553],[121.731,-18.571],[121.772,-18.596],[121.787,-18.62],[121.794,-18.654],[121.749,-18.678],[121.739,-18.699],[121.695,-18.706],[121.669,-18.719],[121.654,-18.706],[121.626,-18.709],[121.62,-18.742],[121.65,-18.758],[121.646,-18.799],[121.622,-18.858],[121.603,-18.869],[121.599,-18.905],[121.537,-19.028],[121.511,-19.094],[121.438,-19.202],[121.342,-19.331],[121.258,-19.421],[121.21,-19.466],[121.148,-19.514],[121.071,-19.566],[120.962,-19.632],[120.821,-19.687],[120.631,-19.77],[120.568,-19.786],[120.323,-19.876],[120.196,-19.914],[120.13,-19.913],[120.054,-19.928],[119.973,-19.933],[119.903,-19.949],[119.841,-19.969],[119.773,-19.971],[119.745,-19.966],[119.743,-20.013],[119.707,-20.025],[119.702,-19.995],[119.68,-20.004],[119.672,-20.032],[119.622,-20.063],[119.575,-20.076],[119.528,-20.056],[119.47,-20.011],[119.444,-20.017],[119.42,-19.996],[119.385,-19.999],[119.343,-19.986],[119.32,-19.989],[119.258,-19.972],[119.218,-19.953],[119.174,-19.958],[119.168,-19.992],[119.119,-19.962],[119.097,-19.961],[119.079,-20.004],[119.053,-20.023],[118.995,-20.035],[118.979,-20.09],[118.943,-20.143],[118.897,-20.168],[118.86,-20.227],[118.842,-20.231],[118.822,-20.282],[118.752,-20.287],[118.677,-20.327],[118.615,-20.306],[118.574,-20.311],[118.569,-20.294],[118.532,-20.303],[118.509,-20.34],[118.486,-20.346],[118.419,-20.34],[118.352,-20.358],[118.343,-20.331],[118.298,-20.352],[118.262,-20.357],[118.166,-20.385],[118.173,-20.351],[118.138,-20.37],[118.07,-20.416],[118.05,-20.422],[118.026,-20.453],[117.986,-20.474],[117.939,-20.482],[117.943,-20.498],[117.927,-20.541],[117.874,-20.558],[117.86,-20.604],[117.822,-20.626],[117.769,-20.666],[117.697,-20.688],[117.68,-20.667],[117.647,-20.693],[117.631,-20.664],[117.527,-20.714],[117.443,-20.731],[117.398,-20.73],[117.383,-20.751],[117.348,-20.736],[117.285,-20.72],[117.183,-20.683],[117.173,-20.651],[117.2,-20.633],[117.191,-20.611],[117.165,-20.603],[117.139,-20.627],[117.13,-20.654],[117.114,-20.655],[117.085,-20.636],[117.066,-20.64],[117.04,-20.666],[117.03,-20.65],[116.989,-20.658],[116.947,-20.702],[116.896,-20.724],[116.87,-20.722],[116.828,-20.707],[116.793,-20.664],[116.822,-20.579],[116.863,-20.522],[116.808,-20.53],[116.759,-20.602],[116.744,-20.64],[116.723,-20.639],[116.701,-20.67],[116.664,-20.687],[116.634,-20.714],[116.59,-20.74],[116.526,-20.753],[116.516,-20.776],[116.463,-20.822],[116.403,-20.829],[116.36,-20.843],[116.346,-20.839],[116.329,-20.868],[116.291,-20.878],[116.236,-20.86],[116.203,-20.836],[116.191,-20.888],[116.188,-20.968],[116.165,-20.969],[116.139,-20.994],[115.989,-21.04],[115.938,-21.075],[115.918,-21.079],[115.88,-21.125],[115.85,-21.192],[115.834,-21.204],[115.822,-21.252],[115.803,-21.245],[115.762,-21.272],[115.719,-21.287],[115.703,-21.279],[115.679,-21.314],[115.654,-21.315],[115.549,-21.417],[115.493,-21.486],[115.5,-21.505],[115.481,-21.533],[115.457,-21.508],[115.437,-21.531],[115.413,-21.525],[115.403,-21.553],[115.376,-21.551],[115.307,-21.591],[115.286,-21.596],[115.234,-21.589],[115.17,-21.617],[115.142,-21.643],[115.11,-21.632],[115.055,-21.68],[115.023,-21.689],[114.969,-21.675],[114.936,-21.691],[114.915,-21.69],[114.842,-21.751],[114.825,-21.756],[114.769,-21.795],[114.723,-21.799],[114.644,-21.849],[114.64,-21.917],[114.615,-21.948],[114.612,-21.985],[114.554,-22.027],[114.551,-22.058],[114.536,-22.066],[114.518,-22.11],[114.48,-22.155],[114.456,-22.16],[114.487,-22.2],[114.455,-22.207],[114.45,-22.226],[114.465,-22.248],[114.436,-22.266],[114.433,-22.295],[114.41,-22.325],[114.381,-22.446],[114.381,-22.481],[114.358,-22.494],[114.319,-22.489],[114.323,-22.463],[114.309,-22.435],[114.262,-22.441],[114.227,-22.471],[114.219,-22.497],[114.182,-22.523],[114.149,-22.518],[114.122,-22.474],[114.128,-22.442],[114.123,-22.413],[114.182,-22.344],[114.178,-22.303],[114.155,-22.301],[114.126,-22.314],[114.124,-22.281],[114.133,-22.262],[114.113,-22.225],[114.085,-22.191],[114.08,-22.156],[114.102,-22.074],[114.141,-21.943],[114.149,-21.867],[114.191,-21.815],[114.16,-21.787],[114.137,-21.803],[114.109,-21.803],[114.079,-21.816],[113.995,-21.875],[113.965,-21.937],[113.934,-21.973],[113.925,-22.007],[113.867,-22.151],[113.833,-22.275],[113.796,-22.353],[113.749,-22.408],[113.745,-22.452],[113.717,-22.512],[113.697,-22.538],[113.665,-22.55],[113.654,-22.583],[113.674,-22.597],[113.668,-22.626],[113.687,-22.67],[113.671,-22.701],[113.677,-22.723],[113.709,-22.715],[113.741,-22.739],[113.771,-22.785],[113.794,-22.843],[113.802,-22.888],[113.817,-22.909],[113.826,-22.961],[113.829,-23.031],[113.813,-23.083],[113.77,-23.128],[113.764,-23.179],[113.792,-23.284],[113.782,-23.403],[113.78,-23.471],[113.755,-23.526],[113.721,-23.55],[113.702,-23.574],[113.65,-23.601],[113.613,-23.631],[113.597,-23.663],[113.591,-23.701],[113.567,-23.752],[113.533,-23.774],[113.521,-23.796],[113.519,-23.831],[113.497,-23.873],[113.47,-23.899],[113.465,-23.922],[113.471,-23.966],[113.448,-24.031],[113.422,-24.045],[113.419,-24.089],[113.441,-24.132],[113.443,-24.182],[113.409,-24.223],[113.391,-24.227],[113.405,-24.294],[113.407,-24.351],[113.4,-24.411],[113.407,-24.484],[113.453,-24.546],[113.49,-24.576],[113.617,-24.736],[113.629,-24.76],[113.633,-24.797],[113.617,-24.857],[113.644,-24.865],[113.678,-24.925],[113.662,-24.975],[113.666,-25.023],[113.698,-25.087],[113.74,-25.127],[113.77,-25.136],[113.801,-25.157],[113.837,-25.21],[113.861,-25.296],[113.891,-25.337],[113.891,-25.373],[113.905,-25.413],[113.941,-25.455],[113.945,-25.486],[113.986,-25.555],[113.99,-25.59],[114.045,-25.669],[114.091,-25.696],[114.12,-25.728],[114.12,-25.756],[114.173,-25.807],[114.233,-25.876],[114.263,-25.884],[114.248,-25.924],[114.247,-25.956],[114.258,-25.983],[114.245,-25.993],[114.198,-25.978],[114.209,-26.032],[114.239,-26.073],[114.234,-26.105],[114.254,-26.155],[114.241,-26.166],[114.191,-26.168],[114.192,-26.204],[114.204,-26.245],[114.238,-26.284],[114.238,-26.313],[114.216,-26.342],[114.217,-26.364],[114.166,-26.39],[114.156,-26.41],[114.13,-26.426],[114.086,-26.468],[114.054,-26.419],[113.975,-26.347],[113.967,-26.294],[113.95,-26.268],[113.958,-26.241],[113.942,-26.225],[113.934,-26.19],[113.947,-26.142],[113.92,-26.132],[113.908,-26.113],[113.909,-26.059],[113.894,-26.026],[113.914,-25.984],[113.906,-25.959],[113.866,-25.953],[113.886,-26.044],[113.88,-26.071],[113.811,-26.181],[113.79,-26.207],[113.763,-26.213],[113.725,-26.204],[113.728,-26.18],[113.708,-26.15],[113.7,-26.091],[113.7,-26.045],[113.734,-26.014],[113.732,-25.95],[113.758,-25.905],[113.762,-25.879],[113.724,-25.865],[113.722,-25.793],[113.704,-25.794],[113.673,-25.772],[113.654,-25.745],[113.614,-25.723],[113.598,-25.699],[113.585,-25.628],[113.571,-25.638],[113.538,-25.626],[113.525,-25.608],[113.515,-25.556],[113.499,-25.527],[113.473,-25.558],[113.449,-25.611],[113.432,-25.626],[113.418,-25.68],[113.414,-25.725],[113.437,-25.753],[113.467,-25.736],[113.479,-25.783],[113.463,-25.811],[113.513,-25.852],[113.525,-25.883],[113.518,-25.92],[113.559,-25.946],[113.561,-25.999],[113.574,-26.009],[113.567,-26.039],[113.583,-26.096],[113.614,-26.098],[113.639,-26.122],[113.663,-26.165],[113.683,-26.179],[113.698,-26.222],[113.754,-26.233],[113.802,-26.255],[113.865,-26.31],[113.884,-26.341],[113.885,-26.371],[113.871,-26.402],[113.882,-26.42],[113.889,-26.476],[113.885,-26.502],[113.864,-26.537],[113.833,-26.551],[113.812,-26.577],[113.814,-26.601],[113.788,-26.605],[113.764,-26.589],[113.737,-26.618],[113.713,-26.607],[113.666,-26.645],[113.658,-26.611],[113.635,-26.613],[113.632,-26.577],[113.638,-26.503],[113.596,-26.513],[113.599,-26.545],[113.585,-26.596],[113.559,-26.573],[113.565,-26.531],[113.577,-26.506],[113.552,-26.469],[113.561,-26.462],[113.562,-26.403],[113.549,-26.381],[113.555,-26.352],[113.539,-26.314],[113.536,-26.284],[113.518,-26.284],[113.513,-26.338],[113.528,-26.358],[113.508,-26.402],[113.499,-26.477],[113.476,-26.474],[113.485,-26.433],[113.502,-26.414],[113.485,-26.392],[113.499,-26.337],[113.48,-26.31],[113.48,-26.271],[113.462,-26.253],[113.448,-26.213],[113.444,-26.166],[113.426,-26.141],[113.387,-26.109],[113.379,-26.154],[113.383,-26.201],[113.365,-26.211],[113.354,-26.276],[113.359,-26.328],[113.333,-26.311],[113.319,-26.239],[113.322,-26.18],[113.319,-26.117],[113.311,-26.068],[113.292,-26.085],[113.288,-26.153],[113.278,-26.194],[113.197,-26.174],[113.178,-26.18],[113.231,-26.228],[113.278,-26.294],[113.3,-26.342],[113.292,-26.358],[113.308,-26.387],[113.296,-26.399],[113.351,-26.455],[113.504,-26.589],[113.584,-26.671],[113.642,-26.744],[113.648,-26.757],[113.737,-26.866],[113.816,-26.979],[113.834,-27.019],[113.942,-27.192],[114.017,-27.323],[114.103,-27.499],[114.128,-27.585],[114.151,-27.648],[114.161,-27.702],[114.152,-27.733],[114.126,-27.769],[114.105,-27.849],[114.141,-27.957],[114.17,-28.093],[114.229,-28.167],[114.239,-28.187],[114.321,-28.23],[114.335,-28.258],[114.4,-28.33],[114.435,-28.396],[114.491,-28.446],[114.556,-28.534],[114.602,-28.625],[114.613,-28.665],[114.606,-28.687],[114.62,-28.727],[114.606,-28.774],[114.629,-28.831],[114.633,-28.871],[114.687,-28.932],[114.784,-29.019],[114.832,-29.066],[114.872,-29.117],[114.901,-29.212],[114.919,-29.249],[114.914,-29.277],[114.927,-29.313],[114.947,-29.334],[114.959,-29.365],[114.959,-29.403],[114.996,-29.488],[114.998,-29.511],[114.977,-29.557],[114.978,-29.584],[114.959,-29.669],[114.959,-29.768],[114.965,-29.808],[114.981,-29.845],[114.982,-29.92],[114.963,-29.974],[114.969,-30.006],[114.959,-30.049],[114.963,-30.071],[114.984,-30.079],[115.006,-30.159],[114.995,-30.187],[114.999,-30.224],[115.037,-30.253],[115.039,-30.3],[115.021,-30.317],[115.042,-30.338],[115.05,-30.422],[115.071,-30.478],[115.056,-30.504],[115.095,-30.552],[115.088,-30.578],[115.132,-30.653],[115.188,-30.784],[115.19,-30.825],[115.219,-30.832],[115.251,-30.873],[115.325,-31],[115.332,-31.029],[115.381,-31.118],[115.399,-31.18],[115.424,-31.23],[115.441,-31.277],[115.55,-31.427],[115.58,-31.496],[115.604,-31.52],[115.637,-31.569],[115.686,-31.654],[115.718,-31.729],[115.732,-31.776],[115.728,-31.806],[115.748,-31.835],[115.755,-31.902],[115.75,-32.025],[115.738,-32.055],[115.762,-32.106],[115.756,-32.13],[115.775,-32.183],[115.756,-32.224],[115.756,-32.25],[115.726,-32.276],[115.699,-32.278],[115.702,-32.305],[115.731,-32.31],[115.743,-32.35],[115.714,-32.37],[115.746,-32.409],[115.746,-32.476],[115.728,-32.516],[115.723,-32.568],[115.758,-32.567],[115.777,-32.594],[115.767,-32.628],[115.729,-32.635],[115.685,-32.653],[115.727,-32.755],[115.723,-32.783],[115.693,-32.768],[115.673,-32.728],[115.672,-32.702],[115.647,-32.648],[115.642,-32.613],[115.674,-32.573],[115.714,-32.556],[115.708,-32.521],[115.655,-32.578],[115.633,-32.596],[115.608,-32.667],[115.634,-32.837],[115.653,-32.895],[115.68,-33.045],[115.689,-33.121],[115.683,-33.177],[115.68,-33.285],[115.67,-33.307],[115.64,-33.319],[115.623,-33.341],[115.604,-33.398],[115.574,-33.453],[115.546,-33.48],[115.442,-33.595],[115.387,-33.632],[115.309,-33.654],[115.264,-33.657],[115.208,-33.651],[115.123,-33.624],[115.089,-33.569],[115.004,-33.53],[115.006,-33.562],[115.028,-33.634],[114.975,-33.703],[114.993,-33.753],[115,-33.794],[114.994,-33.849],[114.983,-33.881],[114.992,-33.953],[114.98,-33.961],[115.001,-34.016],[114.992,-34.102],[115.019,-34.139],[115.039,-34.201],[115.024,-34.223],[115.026,-34.257],[115.112,-34.334],[115.138,-34.37],[115.168,-34.352],[115.168,-34.321],[115.263,-34.307],[115.37,-34.323],[115.418,-34.342],[115.486,-34.385],[115.52,-34.397],[115.543,-34.416],[115.591,-34.43],[115.67,-34.482],[115.8,-34.587],[115.954,-34.728],[115.96,-34.761],[116.005,-34.818],[116.028,-34.837],[116.097,-34.849],[116.134,-34.844],[116.228,-34.869],[116.272,-34.885],[116.379,-34.945],[116.428,-34.969],[116.479,-35.004],[116.533,-35.004],[116.591,-35.033],[116.659,-35.051],[116.708,-35.029],[116.776,-35.015],[116.831,-35.043],[116.885,-35.048],[116.925,-35.064],[116.934,-35.036],[116.967,-35.019],[117.012,-35.03],[117.034,-35.025],[117.068,-35.038],[117.101,-35.033],[117.147,-35.056],[117.162,-35.03],[117.205,-35.017],[117.247,-35.029],[117.264,-35.021],[117.324,-35.044],[117.336,-34.996],[117.369,-34.969],[117.421,-34.985],[117.455,-34.967],[117.48,-34.997],[117.455,-35.017],[117.429,-35.022],[117.365,-35.002],[117.362,-35.019],[117.423,-35.045],[117.48,-35.075],[117.493,-35.09],[117.524,-35.074],[117.56,-35.087],[117.607,-35.116],[117.629,-35.112],[117.646,-35.06],[117.676,-35.044],[117.752,-35.051],[117.832,-35.084],[117.892,-35.12],[117.954,-35.122],[117.979,-35.096],[117.909,-35.084],[117.854,-35.056],[117.858,-35.027],[117.92,-35.036],[117.918,-35.017],[117.946,-34.98],[117.949,-34.944],[117.979,-34.953],[117.98,-34.978],[117.962,-35.013],[118.05,-35.015],[118.062,-34.999],[118.102,-34.986],[118.169,-34.996],[118.193,-35.024],[118.211,-34.978],[118.171,-34.964],[118.179,-34.938],[118.259,-34.909],[118.3,-34.912],[118.331,-34.897],[118.391,-34.908],[118.426,-34.897],[118.397,-34.877],[118.396,-34.844],[118.425,-34.778],[118.476,-34.736],[118.555,-34.705],[118.646,-34.691],[118.662,-34.67],[118.716,-34.657],[118.777,-34.608],[118.746,-34.594],[118.74,-34.574],[118.762,-34.539],[118.806,-34.512],[118.847,-34.502],[118.903,-34.502],[118.908,-34.465],[118.934,-34.455],[118.984,-34.451],[119.069,-34.459],[119.134,-34.477],[119.148,-34.493],[119.18,-34.486],[119.258,-34.519],[119.285,-34.509],[119.285,-34.455],[119.346,-34.446],[119.383,-34.485],[119.399,-34.46],[119.391,-34.421],[119.414,-34.374],[119.483,-34.375],[119.517,-34.41],[119.54,-34.382],[119.508,-34.359],[119.499,-34.324],[119.504,-34.288],[119.531,-34.227],[119.588,-34.171],[119.582,-34.153],[119.634,-34.109],[119.639,-34.096],[119.711,-34.062],[119.733,-34.061],[119.75,-34.041],[119.781,-34.027],[119.805,-33.991],[119.85,-33.97],[119.926,-33.969],[119.946,-33.976],[119.982,-33.955],[119.989,-33.937],[120.044,-33.923],[120.113,-33.945],[120.231,-33.932],[120.299,-33.941],[120.396,-33.96],[120.431,-33.971],[120.467,-33.967],[120.53,-33.931],[120.557,-33.925],[120.562,-33.897],[120.601,-33.886],[120.639,-33.892],[120.681,-33.886],[120.711,-33.893],[120.778,-33.886],[120.807,-33.889],[120.869,-33.856],[120.917,-33.866],[120.94,-33.862],[121.009,-33.871],[121.014,-33.861],[121.073,-33.86],[121.093,-33.849],[121.123,-33.851],[121.18,-33.866],[121.2,-33.844],[121.269,-33.85],[121.318,-33.821],[121.348,-33.828],[121.361,-33.815],[121.428,-33.827],[121.439,-33.82],[121.505,-33.84],[121.532,-33.826],[121.585,-33.845],[121.662,-33.884],[121.678,-33.863],[121.701,-33.862],[121.742,-33.878],[121.786,-33.908],[121.836,-33.887],[121.887,-33.883],[121.903,-33.847],[121.933,-33.834],[121.988,-33.828],[122.031,-33.845],[122.085,-33.903],[122.119,-33.98],[122.114,-34.017],[122.197,-34.007],[122.224,-33.995],[122.249,-34.005],[122.281,-33.99],[122.268,-33.968],[122.288,-33.949],[122.359,-33.915],[122.399,-33.912],[122.444,-33.919],[122.507,-33.941],[122.558,-33.937],[122.6,-33.9],[122.655,-33.889],[122.735,-33.892],[122.767,-33.878],[122.813,-33.889],[122.831,-33.91],[122.906,-33.889],[122.966,-33.889],[123.006,-33.882],[123.017,-33.858],[123.066,-33.865],[123.127,-33.898],[123.161,-33.946],[123.17,-33.986],[123.167,-34.016],[123.227,-33.989],[123.256,-33.996],[123.293,-33.974],[123.358,-33.899],[123.412,-33.894],[123.487,-33.911],[123.512,-33.943],[123.547,-33.935],[123.561,-33.903],[123.59,-33.881],[123.633,-33.88],[123.656,-33.847],[123.718,-33.812],[123.744,-33.808],[123.757,-33.723],[123.81,-33.665],[123.872,-33.634],[123.868,-33.608],[123.893,-33.591],[123.929,-33.587],[123.962,-33.57],[123.98,-33.55],[123.987,-33.479],[123.999,-33.424],[124.034,-33.339],[124.082,-33.242],[124.101,-33.176],[124.123,-33.135],[124.169,-33.08],[124.236,-33.02],[124.305,-32.981],[124.354,-32.96],[124.458,-32.936],[124.617,-32.919],[124.749,-32.899],[124.82,-32.87],[124.9,-32.829],[124.928,-32.794],[125.006,-32.754],[125.026,-32.729],[125.102,-32.715],[125.123,-32.701],[125.24,-32.639],[125.294,-32.616],[125.368,-32.592],[125.419,-32.588],[125.482,-32.561],[125.532,-32.549],[125.557,-32.536],[125.615,-32.49],[125.801,-32.367],[125.951,-32.291],[126.037,-32.269],[126.074,-32.277],[126.114,-32.265],[126.154,-32.241],[126.203,-32.232],[126.276,-32.25],[126.344,-32.262],[126.4,-32.28],[126.556,-32.3],[126.673,-32.308],[126.731,-32.306],[126.773,-32.292],[126.847,-32.298],[126.946,-32.298],[127.057,-32.284],[127.169,-32.276],[127.213,-32.276],[127.326,-32.257],[127.345,-32.248],[127.482,-32.217],[127.519,-32.214],[127.549,-32.191],[127.64,-32.156],[127.706,-32.137],[127.879,-32.102],[127.903,-32.101],[128.054,-32.065],[128.146,-32.031],[128.281,-31.991],[128.411,-31.938],[128.436,-31.935],[128.53,-31.892],[128.642,-31.851],[128.661,-31.834],[128.755,-31.787],[128.803,-31.758],[128.896,-31.717],[128.963,-31.694],[129.002,-31.687],[129.002,-31.361],[129.002,-30.764],[129.002,-30.305],[129.002,-29.033],[129.002,-28.116],[129.002,-26.745],[129.002,-26.367],[129.002,-25.999],[129.001,-25.661],[129.001,-24.137],[129.001,-23.822],[129.001,-23.44],[129.001,-23.021],[129,-22.247],[129.001,-21.867],[129.001,-21.232],[129.001,-20.999],[129,-19.343],[129,-19.018],[129,-18.822],[129,-18.496],[129,-18.241],[129,-17.505],[129,-17.165],[129,-16.657],[129,-16.462],[129,-16.124],[129,-15.859],[129,-15.433],[129.001,-15.263],[129.001,-14.88]]],[[[126.54,-13.898],[126.594,-13.898],[126.549,-13.872],[126.51,-13.87],[126.513,-13.907],[126.54,-13.898]]],[[[126.373,-13.999],[126.394,-14.009],[126.404,-13.989],[126.376,-13.975],[126.373,-13.999]]]]},"properties":{"code":"5","name":"Western Australia"}},
{"type":"Feature","geometry":{"type":"MultiPolygon","coordinates":[[[[144.049,-40.068],[144.103,-40.045],[144.133,-39.978],[144.136,-39.925],[144.111,-39.914],[144.106,-39.869],[144.128,-39.822],[144.104,-39.777],[144.101,-39.736],[144.109,-39.669],[144.052,-39.626],[143.958,-39.586],[143.927,-39.592],[143.935,-39.638],[143.927,-39.662],[143.893,-39.697],[143.849,-39.711],[143.851,-39.762],[143.865,-39.8],[143.86,-39.857],[143.835,-39.902],[143.845,-39.941],[143.889,-39.986],[143.89,-40.054],[143.858,-40.062],[143.882,-40.121],[143.9,-40.134],[143.958,-40.109],[144.028,-40.09],[144.049,-40.068]]],[[[147.318,-39.496],[147.358,-39.481],[147.356,-39.461],[147.322,-39.452],[147.311,-39.467],[147.318,-39.496]]],[[[148.022,-40.417],[148.046,-40.449],[148.083,-40.455],[148.115,-40.447],[148.144,-40.453],[148.206,-40.442],[148.227,-40.466],[148.286,-40.428],[148.316,-40.433],[148.346,-40.492],[148.388,-40.479],[148.447,-40.437],[148.44,-40.378],[148.415,-40.374],[148.367,-40.336],[148.346,-40.304],[148.259,-40.337],[148.226,-40.329],[148.194,-40.353],[148.127,-40.338],[148.079,-40.343],[148.032,-40.362],[147.986,-40.391],[147.989,-40.421],[148.022,-40.417]]],[[[148.116,-40.513],[148.113,-40.564],[148.148,-40.566],[148.178,-40.593],[148.235,-40.532],[148.208,-40.504],[148.174,-40.498],[148.116,-40.513]]],[[[144.836,-40.444],[144.858,-40.469],[144.893,-40.483],[144.929,-40.47],[144.97,-40.426],[144.941,-40.398],[144.882,-40.391],[144.883,-40.417],[144.836,-40.444]]],[[[148.067,-42.674],[148.039,-42.684],[148.012,-42.729],[148.093,-42.72],[148.068,-42.677],[148.083,-42.661],[148.128,-42.665],[148.159,-42.65],[148.136,-42.623],[148.12,-42.585],[148.067,-42.571],[148.029,-42.624],[148.038,-42.649],[148.067,-42.674]]],[[[148.295,-42.333],[148.317,-42.304],[148.254,-42.294],[148.236,-42.307],[148.253,-42.329],[148.295,-42.333]]],[[[147.904,-39.985],[147.883,-40.011],[147.892,-40.034],[147.939,-40.038],[147.956,-40.081],[148.008,-40.106],[148.019,-40.173],[148.042,-40.208],[148.024,-40.22],[148.056,-40.248],[148.12,-40.273],[148.184,-40.25],[148.189,-40.226],[148.21,-40.211],[148.257,-40.21],[148.283,-40.231],[148.334,-40.21],[148.318,-40.183],[148.293,-40.111],[148.254,-40.125],[148.238,-40.102],[148.273,-40.088],[148.286,-40.068],[148.279,-40.017],[148.286,-39.965],[148.266,-39.968],[148.206,-39.947],[148.188,-39.948],[148.144,-39.918],[148.097,-39.867],[148.045,-39.822],[148.007,-39.78],[147.963,-39.763],[147.957,-39.728],[147.878,-39.762],[147.87,-39.787],[147.842,-39.807],[147.851,-39.823],[147.812,-39.834],[147.748,-39.874],[147.76,-39.89],[147.804,-39.917],[147.86,-39.898],[147.882,-39.915],[147.901,-39.949],[147.904,-39.985]]],[[[147.734,-43.093],[147.73,-43.125],[147.689,-43.138],[147.711,-43.19],[147.778,-43.214],[147.804,-43.211],[147.853,-43.181],[147.846,-43.155],[147.871,-43.131],[147.894,-43.148],[147.895,-43.188],[147.946,-43.195],[147.949,-43.216],[147.988,-43.224],[147.965,-43.183],[147.983,-43.136],[147.954,-43.063],[147.953,-43.04],[147.927,-43.014],[148,-42.964],[147.987,-42.937],[147.999,-42.914],[147.958,-42.872],[147.892,-42.843],[147.874,-42.863],[147.884,-42.895],[147.816,-42.895],[147.818,-42.927],[147.848,-42.943],[147.83,-42.965],[147.839,-43.004],[147.871,-43.025],[147.836,-43.041],[147.841,-43.06],[147.773,-43.054],[147.749,-43.043],[147.708,-43.007],[147.73,-42.971],[147.726,-42.949],[147.666,-42.939],[147.683,-42.987],[147.628,-42.998],[147.618,-43.008],[147.627,-43.073],[147.686,-43.103],[147.734,-43.093]]],[[[147.234,-43.362],[147.18,-43.372],[147.174,-43.438],[147.153,-43.459],[147.117,-43.413],[147.092,-43.42],[147.136,-43.458],[147.135,-43.485],[147.181,-43.49],[147.203,-43.448],[147.203,-43.418],[147.227,-43.413],[147.256,-43.456],[147.243,-43.467],[147.28,-43.504],[147.327,-43.497],[147.32,-43.475],[147.349,-43.405],[147.379,-43.39],[147.38,-43.361],[147.348,-43.369],[147.322,-43.348],[147.32,-43.311],[147.352,-43.268],[147.433,-43.224],[147.394,-43.165],[147.401,-43.127],[147.362,-43.085],[147.327,-43.085],[147.311,-43.118],[147.33,-43.142],[147.289,-43.143],[147.285,-43.171],[147.378,-43.177],[147.386,-43.197],[147.346,-43.221],[147.355,-43.261],[147.334,-43.285],[147.298,-43.273],[147.243,-43.309],[147.222,-43.34],[147.234,-43.362]]],[[[144.868,-40.724],[144.883,-40.736],[144.938,-40.732],[144.977,-40.708],[145.028,-40.706],[145.015,-40.682],[144.973,-40.652],[144.911,-40.648],[144.873,-40.677],[144.868,-40.724]]],[[[144.787,-40.401],[144.756,-40.486],[144.711,-40.483],[144.733,-40.55],[144.725,-40.571],[144.757,-40.606],[144.776,-40.576],[144.771,-40.533],[144.79,-40.507],[144.793,-40.479],[144.787,-40.401]]],[[[147.257,-43.107],[147.281,-43.108],[147.301,-43.085],[147.258,-43.07],[147.28,-43.027],[147.314,-43.059],[147.344,-43.048],[147.324,-42.984],[147.354,-42.952],[147.355,-42.909],[147.332,-42.9],[147.352,-42.876],[147.403,-42.883],[147.417,-42.908],[147.458,-42.912],[147.451,-42.962],[147.479,-42.985],[147.473,-43.023],[147.431,-43.028],[147.425,-43.043],[147.515,-43.02],[147.528,-43.007],[147.509,-42.965],[147.536,-42.942],[147.495,-42.908],[147.522,-42.828],[147.486,-42.803],[147.512,-42.783],[147.55,-42.785],[147.582,-42.799],[147.621,-42.842],[147.61,-42.866],[147.638,-42.874],[147.68,-42.9],[147.722,-42.887],[147.762,-42.902],[147.815,-42.889],[147.869,-42.811],[147.874,-42.781],[147.9,-42.744],[147.946,-42.726],[147.939,-42.702],[147.963,-42.669],[147.955,-42.645],[147.933,-42.634],[147.936,-42.603],[147.888,-42.545],[147.955,-42.551],[147.958,-42.532],[147.997,-42.502],[148.01,-42.441],[147.981,-42.407],[148.025,-42.342],[148.001,-42.309],[148.027,-42.259],[148.013,-42.24],[148.066,-42.192],[148.079,-42.162],[148.072,-42.115],[148.089,-42.101],[148.128,-42.092],[148.165,-42.052],[148.144,-42.017],[148.173,-42.009],[148.197,-42.021],[148.23,-41.984],[148.245,-41.997],[148.215,-42.035],[148.172,-42.044],[148.158,-42.076],[148.209,-42.077],[148.241,-42.091],[148.251,-42.115],[148.294,-42.125],[148.297,-42.14],[148.261,-42.161],[148.292,-42.192],[148.265,-42.229],[148.262,-42.254],[148.315,-42.276],[148.323,-42.24],[148.346,-42.224],[148.356,-42.193],[148.317,-42.17],[148.32,-42.137],[148.344,-42.123],[148.31,-42.057],[148.284,-42.034],[148.294,-41.972],[148.31,-41.961],[148.307,-41.931],[148.324,-41.917],[148.268,-41.836],[148.265,-41.802],[148.289,-41.752],[148.284,-41.718],[148.295,-41.693],[148.293,-41.658],[148.32,-41.621],[148.315,-41.572],[148.286,-41.552],[148.267,-41.489],[148.268,-41.453],[148.296,-41.371],[148.327,-41.306],[148.273,-41.339],[148.259,-41.324],[148.28,-41.281],[148.333,-41.271],[148.329,-41.249],[148.299,-41.25],[148.273,-41.205],[148.285,-41.168],[148.271,-41.145],[148.272,-41.115],[148.298,-41.034],[148.34,-40.994],[148.306,-40.965],[148.302,-40.942],[148.274,-40.921],[148.26,-40.891],[148.236,-40.885],[148.216,-40.846],[148.114,-40.831],[148.118,-40.815],[148.083,-40.773],[148.041,-40.773],[148.033,-40.751],[147.973,-40.742],[147.92,-40.832],[147.885,-40.87],[147.836,-40.887],[147.784,-40.88],[147.744,-40.857],[147.71,-40.862],[147.661,-40.825],[147.603,-40.847],[147.573,-40.896],[147.525,-40.951],[147.491,-40.979],[147.441,-41.003],[147.396,-41.005],[147.386,-40.981],[147.36,-40.972],[147.346,-40.94],[147.304,-40.958],[147.28,-40.942],[147.25,-40.956],[147.22,-40.992],[147.151,-41.013],[147.116,-40.995],[147.073,-41],[147.023,-40.981],[146.991,-40.994],[146.951,-41.024],[146.915,-41.03],[146.882,-41.02],[146.827,-41.045],[146.805,-41.064],[146.818,-41.124],[146.843,-41.139],[146.884,-41.131],[146.946,-41.176],[146.924,-41.188],[146.946,-41.229],[146.99,-41.25],[146.978,-41.273],[146.951,-41.261],[146.934,-41.232],[146.9,-41.208],[146.923,-41.17],[146.878,-41.15],[146.845,-41.176],[146.822,-41.17],[146.811,-41.118],[146.775,-41.082],[146.75,-41.085],[146.719,-41.07],[146.674,-41.101],[146.656,-41.093],[146.634,-41.124],[146.579,-41.148],[146.594,-41.217],[146.542,-41.155],[146.544,-41.127],[146.463,-41.16],[146.425,-41.162],[146.365,-41.178],[146.356,-41.162],[146.233,-41.159],[146.167,-41.151],[146.119,-41.121],[146.077,-41.116],[145.956,-41.064],[145.913,-41.061],[145.877,-41.038],[145.819,-41.034],[145.725,-40.969],[145.733,-40.948],[145.652,-40.94],[145.561,-40.916],[145.523,-40.888],[145.5,-40.859],[145.471,-40.871],[145.428,-40.868],[145.383,-40.85],[145.34,-40.85],[145.259,-40.805],[145.227,-40.799],[145.171,-40.804],[145.131,-40.82],[145.068,-40.806],[145.053,-40.787],[145.018,-40.788],[144.995,-40.755],[144.881,-40.75],[144.848,-40.739],[144.839,-40.721],[144.742,-40.697],[144.728,-40.656],[144.692,-40.663],[144.698,-40.688],[144.679,-40.718],[144.686,-40.747],[144.707,-40.753],[144.697,-40.811],[144.713,-40.853],[144.686,-40.906],[144.614,-40.936],[144.632,-40.958],[144.631,-41.001],[144.617,-41.009],[144.639,-41.042],[144.66,-41.053],[144.676,-41.09],[144.673,-41.159],[144.695,-41.206],[144.684,-41.235],[144.709,-41.261],[144.721,-41.302],[144.774,-41.361],[144.782,-41.397],[144.748,-41.423],[144.785,-41.445],[144.889,-41.59],[144.908,-41.656],[144.917,-41.709],[144.97,-41.726],[145.004,-41.766],[145.007,-41.784],[145.068,-41.836],[145.07,-41.851],[145.122,-41.897],[145.188,-41.941],[145.231,-42.015],[145.257,-42.075],[145.265,-42.128],[145.253,-42.186],[145.224,-42.215],[145.268,-42.232],[145.268,-42.202],[145.294,-42.179],[145.348,-42.169],[145.369,-42.208],[145.366,-42.247],[145.426,-42.294],[145.433,-42.314],[145.463,-42.323],[145.478,-42.348],[145.517,-42.34],[145.545,-42.391],[145.513,-42.434],[145.492,-42.422],[145.447,-42.438],[145.452,-42.405],[145.431,-42.382],[145.398,-42.375],[145.31,-42.32],[145.306,-42.296],[145.279,-42.282],[145.253,-42.287],[145.215,-42.211],[145.175,-42.207],[145.205,-42.253],[145.213,-42.297],[145.196,-42.327],[145.223,-42.355],[145.236,-42.418],[145.253,-42.452],[145.236,-42.471],[145.261,-42.504],[145.26,-42.523],[145.302,-42.571],[145.3,-42.599],[145.281,-42.615],[145.336,-42.633],[145.333,-42.653],[145.367,-42.658],[145.366,-42.69],[145.392,-42.726],[145.38,-42.758],[145.419,-42.802],[145.43,-42.85],[145.459,-42.905],[145.494,-42.939],[145.5,-42.979],[145.532,-42.983],[145.561,-42.971],[145.591,-42.975],[145.61,-43.009],[145.657,-43.044],[145.686,-43.055],[145.664,-43.095],[145.701,-43.12],[145.731,-43.115],[145.759,-43.191],[145.782,-43.187],[145.801,-43.218],[145.827,-43.281],[145.867,-43.321],[145.921,-43.295],[145.908,-43.265],[145.947,-43.23],[145.976,-43.236],[145.974,-43.27],[145.961,-43.295],[145.986,-43.323],[146.03,-43.342],[146.065,-43.306],[146.077,-43.333],[146.114,-43.349],[146.142,-43.322],[146.197,-43.318],[146.224,-43.329],[146.206,-43.364],[146.161,-43.364],[146.102,-43.346],[146.07,-43.353],[146.003,-43.345],[145.971,-43.37],[145.999,-43.432],[146.032,-43.468],[146.043,-43.508],[146.037,-43.551],[146.072,-43.555],[146.107,-43.543],[146.108,-43.527],[146.177,-43.511],[146.213,-43.526],[146.209,-43.49],[146.273,-43.499],[146.267,-43.527],[146.291,-43.545],[146.346,-43.515],[146.389,-43.53],[146.459,-43.543],[146.507,-43.525],[146.533,-43.531],[146.552,-43.512],[146.549,-43.476],[146.578,-43.483],[146.575,-43.524],[146.653,-43.596],[146.686,-43.597],[146.698,-43.624],[146.725,-43.628],[146.746,-43.61],[146.803,-43.602],[146.863,-43.632],[146.922,-43.599],[146.914,-43.573],[146.887,-43.554],[146.919,-43.535],[146.954,-43.531],[146.936,-43.491],[146.944,-43.478],[146.997,-43.462],[146.962,-43.449],[146.976,-43.432],[147.013,-43.421],[147.053,-43.357],[147.004,-43.324],[147.042,-43.312],[147.069,-43.324],[147.077,-43.271],[147.054,-43.248],[146.971,-43.203],[146.982,-43.132],[147.017,-43.114],[146.989,-43.189],[147.01,-43.19],[147.055,-43.22],[147.093,-43.181],[147.115,-43.21],[147.091,-43.22],[147.101,-43.246],[147.144,-43.25],[147.168,-43.283],[147.215,-43.281],[147.24,-43.266],[147.26,-43.216],[147.239,-43.177],[147.239,-43.154],[147.257,-43.107]]]]},"properties":{"code":"6","name":"Tasmania"}},
{"type":"Feature","geometry":{"type":"MultiPolygon","coordinates":[[[[136.949,-15.736],[136.978,-15.734],[136.99,-15.78],[137.016,-15.806],[137.036,-15.799],[137.039,-15.834],[137.055,-15.841],[137.097,-15.81],[137.106,-15.773],[137.091,-15.768],[137.078,-15.736],[137.085,-15.713],[137.081,-15.664],[137.06,-15.641],[137.032,-15.634],[137.02,-15.595],[136.992,-15.584],[137,-15.621],[136.96,-15.641],[136.936,-15.683],[136.949,-15.736]]],[[[136.617,-15.555],[136.61,-15.523],[136.583,-15.514],[136.57,-15.529],[136.512,-15.543],[136.522,-15.563],[136.505,-15.592],[136.514,-15.653],[136.551,-15.64],[136.59,-15.645],[136.601,-15.613],[136.597,-15.581],[136.617,-15.555]]],[[[136.75,-15.647],[136.735,-15.661],[136.736,-15.705],[136.743,-15.717],[136.728,-15.751],[136.772,-15.746],[136.804,-15.724],[136.833,-15.679],[136.828,-15.662],[136.794,-15.645],[136.75,-15.647]]],[[[136.872,-15.61],[136.895,-15.599],[136.877,-15.536],[136.843,-15.54],[136.856,-15.58],[136.839,-15.592],[136.847,-15.63],[136.872,-15.61]]],[[[135.69,-14.906],[135.708,-14.913],[135.767,-14.895],[135.759,-14.848],[135.726,-14.835],[135.716,-14.851],[135.717,-14.882],[135.69,-14.906]]],[[[136.837,-15.567],[136.808,-15.558],[136.801,-15.582],[136.836,-15.585],[136.837,-15.567]]],[[[136.417,-13.853],[136.436,-13.893],[136.421,-13.95],[136.408,-13.976],[136.429,-14.076],[136.443,-14.115],[136.398,-14.178],[136.324,-14.213],[136.327,-14.243],[136.357,-14.22],[136.396,-14.202],[136.437,-14.196],[136.456,-14.218],[136.492,-14.238],[136.523,-14.234],[136.539,-14.255],[136.625,-14.265],[136.653,-14.295],[136.741,-14.259],[136.782,-14.261],[136.829,-14.278],[136.854,-14.279],[136.877,-14.303],[136.906,-14.287],[136.935,-14.299],[136.947,-14.277],[136.952,-14.243],[136.933,-14.205],[136.952,-14.195],[136.962,-14.166],[136.917,-14.163],[136.896,-14.202],[136.854,-14.209],[136.845,-14.187],[136.803,-14.151],[136.788,-14.153],[136.763,-14.197],[136.723,-14.187],[136.704,-14.165],[136.7,-14.111],[136.732,-14.066],[136.747,-14.069],[136.778,-14.025],[136.762,-14.003],[136.769,-13.958],[136.791,-13.916],[136.813,-13.904],[136.857,-13.911],[136.858,-13.893],[136.884,-13.843],[136.912,-13.808],[136.905,-13.764],[136.889,-13.754],[136.845,-13.749],[136.833,-13.802],[136.845,-13.814],[136.839,-13.84],[136.808,-13.856],[136.729,-13.819],[136.697,-13.775],[136.683,-13.731],[136.719,-13.713],[136.731,-13.686],[136.723,-13.657],[136.69,-13.663],[136.676,-13.698],[136.64,-13.703],[136.611,-13.683],[136.59,-13.684],[136.589,-13.725],[136.611,-13.732],[136.614,-13.761],[136.631,-13.789],[136.601,-13.806],[136.554,-13.82],[136.539,-13.814],[136.494,-13.838],[136.409,-13.832],[136.417,-13.853]]],[[[136.192,-13.789],[136.211,-13.825],[136.205,-13.857],[136.241,-13.847],[136.255,-13.832],[136.26,-13.785],[136.28,-13.792],[136.271,-13.737],[136.297,-13.73],[136.251,-13.676],[136.226,-13.663],[136.191,-13.671],[136.19,-13.695],[136.161,-13.751],[136.113,-13.731],[136.11,-13.764],[136.121,-13.787],[136.106,-13.814],[136.129,-13.836],[136.168,-13.835],[136.152,-13.789],[136.175,-13.768],[136.192,-13.789]]],[[[136.142,-13.524],[136.168,-13.51],[136.149,-13.495],[136.171,-13.468],[136.199,-13.47],[136.206,-13.456],[136.177,-13.438],[136.15,-13.385],[136.134,-13.407],[136.123,-13.472],[136.15,-13.513],[136.142,-13.524]]],[[[136.499,-13.717],[136.472,-13.72],[136.469,-13.747],[136.519,-13.792],[136.541,-13.774],[136.539,-13.739],[136.516,-13.717],[136.499,-13.717]]],[[[130.02,-13.176],[130.054,-13.177],[130.058,-13.152],[130.03,-13.153],[130.02,-13.176]]],[[[136.367,-13.842],[136.353,-13.811],[136.334,-13.839],[136.367,-13.842]]],[[[137.995,-16.538],[137.952,-16.503],[137.94,-16.485],[137.862,-16.423],[137.83,-16.372],[137.79,-16.326],[137.769,-16.286],[137.73,-16.232],[137.681,-16.222],[137.602,-16.185],[137.485,-16.164],[137.454,-16.147],[137.409,-16.144],[137.308,-16.09],[137.251,-16.01],[137.207,-16],[137.158,-15.969],[137.084,-15.944],[137.048,-15.922],[136.978,-15.851],[136.955,-15.874],[136.914,-15.898],[136.906,-15.927],[136.87,-15.923],[136.855,-15.907],[136.824,-15.9],[136.773,-15.906],[136.73,-15.932],[136.706,-15.931],[136.692,-15.897],[136.715,-15.877],[136.713,-15.855],[136.677,-15.815],[136.671,-15.794],[136.714,-15.726],[136.723,-15.696],[136.644,-15.672],[136.631,-15.698],[136.585,-15.725],[136.538,-15.731],[136.505,-15.706],[136.469,-15.666],[136.412,-15.626],[136.391,-15.627],[136.321,-15.602],[136.29,-15.572],[136.27,-15.536],[136.264,-15.498],[136.242,-15.449],[136.24,-15.416],[136.203,-15.392],[136.165,-15.392],[136.138,-15.369],[136.072,-15.339],[136.044,-15.315],[135.982,-15.287],[135.925,-15.249],[135.9,-15.216],[135.863,-15.183],[135.805,-15.154],[135.743,-15.114],[135.724,-15.116],[135.69,-15.078],[135.64,-15.044],[135.612,-15.052],[135.577,-15.039],[135.525,-15.009],[135.47,-14.97],[135.409,-14.864],[135.412,-14.849],[135.394,-14.81],[135.394,-14.772],[135.382,-14.726],[135.418,-14.734],[135.465,-14.676],[135.495,-14.675],[135.519,-14.653],[135.524,-14.603],[135.544,-14.549],[135.589,-14.489],[135.599,-14.457],[135.618,-14.429],[135.673,-14.415],[135.668,-14.399],[135.707,-14.34],[135.73,-14.297],[135.789,-14.232],[135.816,-14.229],[135.881,-14.181],[135.891,-14.094],[135.913,-14.042],[135.918,-13.978],[135.957,-13.947],[135.97,-13.914],[135.989,-13.896],[135.991,-13.86],[136.015,-13.831],[136.006,-13.792],[136.02,-13.753],[136.035,-13.747],[136.034,-13.716],[136.055,-13.681],[136.077,-13.67],[136.052,-13.645],[136.032,-13.663],[136.034,-13.682],[136.012,-13.689],[136.006,-13.71],[135.956,-13.743],[135.913,-13.745],[135.889,-13.728],[135.878,-13.7],[135.901,-13.68],[135.872,-13.659],[135.865,-13.622],[135.846,-13.615],[135.835,-13.591],[135.84,-13.566],[135.866,-13.556],[135.855,-13.52],[135.864,-13.469],[135.858,-13.447],[135.883,-13.425],[135.913,-13.444],[135.942,-13.435],[135.961,-13.446],[135.969,-13.411],[135.926,-13.418],[135.921,-13.384],[135.88,-13.362],[135.893,-13.312],[135.909,-13.301],[135.919,-13.27],[135.948,-13.252],[135.97,-13.267],[135.976,-13.232],[136,-13.213],[136.017,-13.218],[136.03,-13.244],[136.041,-13.292],[136.062,-13.263],[136.049,-13.243],[136.108,-13.172],[136.103,-13.153],[136.143,-13.124],[136.153,-13.148],[136.137,-13.213],[136.152,-13.247],[136.178,-13.234],[136.201,-13.247],[136.215,-13.209],[136.243,-13.169],[136.221,-13.151],[136.223,-13.135],[136.283,-13.168],[136.31,-13.166],[136.307,-13.144],[136.321,-13.12],[136.307,-13.094],[136.309,-13.072],[136.336,-13.045],[136.365,-13.056],[136.37,-13.107],[136.357,-13.117],[136.371,-13.141],[136.366,-13.197],[136.387,-13.232],[136.372,-13.251],[136.328,-13.25],[136.339,-13.271],[136.32,-13.295],[136.345,-13.324],[136.401,-13.242],[136.472,-13.215],[136.48,-13.169],[136.511,-13.139],[136.529,-13.147],[136.546,-13.094],[136.567,-13.059],[136.538,-13.056],[136.535,-13.024],[136.509,-13.013],[136.508,-12.996],[136.454,-12.992],[136.461,-12.974],[136.492,-12.992],[136.527,-12.986],[136.552,-12.965],[136.565,-12.979],[136.567,-13.015],[136.597,-12.98],[136.628,-12.973],[136.633,-13.014],[136.653,-13.016],[136.635,-12.952],[136.559,-12.914],[136.544,-12.892],[136.51,-12.867],[136.506,-12.851],[136.478,-12.832],[136.488,-12.801],[136.466,-12.783],[136.484,-12.768],[136.519,-12.807],[136.535,-12.792],[136.525,-12.756],[136.538,-12.742],[136.582,-12.767],[136.585,-12.818],[136.609,-12.815],[136.625,-12.775],[136.603,-12.747],[136.609,-12.718],[136.629,-12.7],[136.694,-12.711],[136.678,-12.668],[136.704,-12.61],[136.729,-12.584],[136.739,-12.554],[136.74,-12.511],[136.722,-12.492],[136.779,-12.45],[136.793,-12.451],[136.796,-12.49],[136.776,-12.497],[136.761,-12.526],[136.774,-12.533],[136.806,-12.503],[136.844,-12.453],[136.89,-12.413],[136.904,-12.389],[136.946,-12.369],[136.927,-12.342],[136.938,-12.323],[136.927,-12.281],[136.9,-12.277],[136.874,-12.221],[136.856,-12.212],[136.821,-12.213],[136.788,-12.179],[136.782,-12.159],[136.728,-12.172],[136.703,-12.187],[136.723,-12.212],[136.762,-12.233],[136.741,-12.273],[136.712,-12.286],[136.663,-12.282],[136.648,-12.269],[136.646,-12.235],[136.6,-12.203],[136.577,-12.146],[136.589,-12.093],[136.554,-12.063],[136.532,-11.994],[136.512,-11.989],[136.496,-12.021],[136.456,-12.006],[136.473,-11.961],[136.463,-11.95],[136.431,-11.971],[136.415,-11.958],[136.332,-12.059],[136.302,-12.049],[136.267,-12.073],[136.197,-12.162],[136.172,-12.159],[136.17,-12.192],[136.212,-12.184],[136.241,-12.214],[136.293,-12.205],[136.339,-12.205],[136.356,-12.225],[136.364,-12.257],[136.334,-12.316],[136.326,-12.344],[136.304,-12.369],[136.304,-12.4],[136.268,-12.433],[136.223,-12.462],[136.196,-12.468],[136.16,-12.463],[136.141,-12.439],[136.093,-12.458],[136.065,-12.43],[136.031,-12.475],[135.996,-12.44],[136.003,-12.401],[135.975,-12.397],[135.973,-12.377],[135.995,-12.361],[136.021,-12.315],[136.033,-12.272],[136.049,-12.273],[136.061,-12.241],[136.044,-12.232],[136.01,-12.243],[136.002,-12.268],[135.966,-12.273],[135.956,-12.249],[135.929,-12.221],[136.012,-12.124],[136.028,-12.087],[135.997,-12.093],[136.001,-12.118],[135.93,-12.162],[135.911,-12.152],[135.896,-12.186],[135.869,-12.156],[135.854,-12.183],[135.824,-12.186],[135.779,-12.225],[135.777,-12.261],[135.746,-12.263],[135.729,-12.295],[135.709,-12.262],[135.677,-12.241],[135.652,-12.202],[135.652,-12.168],[135.715,-12.104],[135.744,-12.091],[135.775,-12.044],[135.833,-12.001],[135.815,-11.98],[135.751,-12.009],[135.727,-12.01],[135.686,-12.034],[135.654,-12.039],[135.636,-12.061],[135.57,-12.101],[135.545,-12.088],[135.538,-12.065],[135.519,-12.062],[135.507,-12.087],[135.469,-12.11],[135.417,-12.115],[135.397,-12.083],[135.369,-12.084],[135.351,-12.107],[135.305,-12.125],[135.318,-12.147],[135.302,-12.164],[135.269,-12.18],[135.236,-12.183],[135.266,-12.225],[135.213,-12.234],[135.174,-12.226],[135.218,-12.289],[135.213,-12.296],[135.166,-12.266],[135.145,-12.238],[135.127,-12.238],[135.056,-12.262],[135.006,-12.215],[134.987,-12.176],[134.971,-12.159],[134.929,-12.144],[134.91,-12.153],[134.884,-12.135],[134.856,-12.132],[134.842,-12.114],[134.843,-12.061],[134.799,-12.049],[134.781,-12.007],[134.765,-12.002],[134.771,-11.958],[134.688,-11.967],[134.657,-12.016],[134.605,-12.05],[134.527,-12.068],[134.471,-12.072],[134.42,-12.066],[134.396,-12.053],[134.348,-12.04],[134.308,-12.01],[134.285,-11.983],[134.249,-12.003],[134.251,-12.037],[134.227,-12.041],[134.194,-12.075],[134.189,-12.104],[134.163,-12.099],[134.192,-12.032],[134.173,-12.003],[134.155,-11.993],[134.153,-11.968],[134.174,-11.961],[134.135,-11.919],[134.103,-11.915],[134.096,-11.928],[134.062,-11.887],[134.064,-11.87],[134.039,-11.855],[134.005,-11.864],[133.98,-11.898],[133.916,-11.921],[133.878,-11.911],[133.859,-11.878],[133.843,-11.88],[133.823,-11.841],[133.863,-11.806],[133.891,-11.813],[133.925,-11.769],[133.901,-11.755],[133.857,-11.752],[133.837,-11.723],[133.794,-11.726],[133.774,-11.763],[133.74,-11.783],[133.691,-11.784],[133.663,-11.806],[133.664,-11.819],[133.631,-11.837],[133.604,-11.839],[133.605,-11.811],[133.563,-11.808],[133.529,-11.844],[133.534,-11.761],[133.502,-11.782],[133.48,-11.782],[133.46,-11.803],[133.413,-11.759],[133.401,-11.733],[133.37,-11.76],[133.321,-11.771],[133.308,-11.74],[133.341,-11.727],[133.335,-11.694],[133.298,-11.705],[133.262,-11.73],[133.229,-11.733],[133.179,-11.721],[133.157,-11.71],[133.13,-11.664],[133.104,-11.631],[133.102,-11.611],[133.069,-11.55],[133.077,-11.525],[133.046,-11.504],[133.009,-11.436],[132.972,-11.42],[132.917,-11.332],[132.89,-11.359],[132.909,-11.385],[132.903,-11.419],[132.883,-11.43],[132.858,-11.414],[132.85,-11.392],[132.808,-11.442],[132.788,-11.447],[132.778,-11.47],[132.734,-11.518],[132.712,-11.524],[132.659,-11.51],[132.635,-11.471],[132.636,-11.441],[132.618,-11.408],[132.586,-11.395],[132.557,-11.366],[132.548,-11.343],[132.519,-11.345],[132.503,-11.294],[132.507,-11.272],[132.475,-11.251],[132.451,-11.218],[132.436,-11.212],[132.415,-11.236],[132.399,-11.298],[132.373,-11.291],[132.38,-11.271],[132.383,-11.208],[132.365,-11.194],[132.358,-11.15],[132.336,-11.147],[132.309,-11.174],[132.294,-11.167],[132.266,-11.176],[132.275,-11.199],[132.266,-11.215],[132.282,-11.233],[132.269,-11.266],[132.228,-11.195],[132.195,-11.164],[132.183,-11.128],[132.145,-11.134],[132.171,-11.186],[132.2,-11.224],[132.191,-11.241],[132.199,-11.268],[132.192,-11.299],[132.228,-11.322],[132.237,-11.34],[132.223,-11.37],[132.191,-11.352],[132.207,-11.414],[132.18,-11.404],[132.167,-11.414],[132.146,-11.358],[132.156,-11.322],[132.099,-11.306],[132.114,-11.288],[132.097,-11.263],[132.115,-11.234],[132.086,-11.233],[132.067,-11.192],[132.036,-11.191],[132.018,-11.146],[132.004,-11.128],[131.982,-11.131],[131.989,-11.158],[131.983,-11.181],[131.987,-11.22],[131.965,-11.246],[131.932,-11.244],[131.905,-11.216],[131.903,-11.196],[131.879,-11.186],[131.869,-11.22],[131.852,-11.214],[131.829,-11.233],[131.857,-11.274],[131.826,-11.28],[131.8,-11.298],[131.759,-11.302],[131.77,-11.324],[131.84,-11.314],[131.872,-11.296],[131.927,-11.337],[131.966,-11.343],[131.96,-11.381],[131.94,-11.397],[132.012,-11.431],[132.043,-11.421],[132.061,-11.436],[132.042,-11.491],[132.066,-11.524],[132.106,-11.531],[132.146,-11.517],[132.173,-11.49],[132.195,-11.491],[132.211,-11.47],[132.238,-11.456],[132.304,-11.466],[132.355,-11.441],[132.402,-11.455],[132.461,-11.459],[132.499,-11.489],[132.499,-11.508],[132.531,-11.522],[132.524,-11.544],[132.555,-11.555],[132.536,-11.582],[132.548,-11.61],[132.596,-11.641],[132.573,-11.654],[132.559,-11.637],[132.506,-11.637],[132.503,-11.683],[132.52,-11.689],[132.539,-11.718],[132.593,-11.73],[132.625,-11.724],[132.617,-11.761],[132.58,-11.788],[132.592,-11.803],[132.636,-11.821],[132.649,-11.859],[132.638,-11.945],[132.618,-12.019],[132.629,-12.087],[132.577,-12.106],[132.564,-12.093],[132.483,-12.137],[132.444,-12.145],[132.416,-12.202],[132.417,-12.222],[132.389,-12.236],[132.353,-12.199],[132.278,-12.224],[132.264,-12.203],[132.262,-12.175],[132.232,-12.176],[132.227,-12.193],[132.173,-12.212],[132.131,-12.259],[132.072,-12.291],[132.07,-12.304],[132.021,-12.297],[131.939,-12.273],[131.892,-12.215],[131.871,-12.216],[131.831,-12.245],[131.755,-12.274],[131.681,-12.284],[131.54,-12.279],[131.472,-12.284],[131.396,-12.264],[131.367,-12.245],[131.328,-12.202],[131.314,-12.167],[131.32,-12.089],[131.299,-12.069],[131.266,-12.079],[131.271,-12.107],[131.251,-12.136],[131.254,-12.163],[131.221,-12.226],[131.181,-12.197],[131.158,-12.169],[131.125,-12.183],[131.113,-12.155],[131.088,-12.154],[131.065,-12.167],[131.045,-12.143],[131.003,-12.16],[130.995,-12.186],[131.005,-12.209],[131.031,-12.238],[131.013,-12.322],[131.021,-12.36],[130.983,-12.342],[130.954,-12.347],[130.894,-12.331],[130.871,-12.355],[130.838,-12.411],[130.828,-12.45],[130.853,-12.448],[130.892,-12.475],[130.931,-12.484],[130.943,-12.505],[130.885,-12.521],[130.885,-12.575],[130.929,-12.584],[130.933,-12.611],[130.868,-12.601],[130.843,-12.567],[130.816,-12.558],[130.8,-12.539],[130.781,-12.562],[130.769,-12.527],[130.778,-12.51],[130.757,-12.482],[130.766,-12.439],[130.726,-12.428],[130.706,-12.414],[130.684,-12.416],[130.655,-12.395],[130.617,-12.387],[130.591,-12.404],[130.588,-12.426],[130.618,-12.444],[130.581,-12.465],[130.604,-12.488],[130.589,-12.501],[130.566,-12.567],[130.606,-12.605],[130.581,-12.622],[130.546,-12.63],[130.597,-12.671],[130.622,-12.672],[130.683,-12.717],[130.641,-12.712],[130.609,-12.723],[130.583,-12.719],[130.555,-12.702],[130.52,-12.704],[130.509,-12.664],[130.492,-12.667],[130.459,-12.639],[130.434,-12.636],[130.396,-12.661],[130.396,-12.68],[130.352,-12.67],[130.346,-12.715],[130.356,-12.735],[130.353,-12.795],[130.358,-12.807],[130.332,-12.895],[130.261,-12.942],[130.223,-12.949],[130.176,-12.91],[130.141,-12.933],[130.129,-12.967],[130.14,-13.007],[130.129,-13.033],[130.12,-13.089],[130.134,-13.105],[130.119,-13.133],[130.116,-13.164],[130.131,-13.177],[130.16,-13.175],[130.215,-13.236],[130.239,-13.282],[130.191,-13.394],[130.142,-13.457],[130.106,-13.456],[130.067,-13.497],[130.019,-13.529],[129.962,-13.536],[129.928,-13.528],[129.901,-13.501],[129.9,-13.46],[129.887,-13.449],[129.869,-13.48],[129.875,-13.498],[129.827,-13.515],[129.832,-13.557],[129.819,-13.605],[129.79,-13.667],[129.784,-13.72],[129.785,-13.764],[129.794,-13.778],[129.723,-13.848],[129.715,-13.893],[129.735,-13.898],[129.747,-13.919],[129.746,-13.975],[129.719,-14.015],[129.656,-14.043],[129.612,-14.054],[129.595,-14.091],[129.571,-14.081],[129.559,-14.095],[129.557,-14.142],[129.53,-14.134],[129.542,-14.09],[129.534,-14.057],[129.514,-14.07],[129.473,-14.176],[129.422,-14.233],[129.409,-14.236],[129.414,-14.283],[129.394,-14.317],[129.367,-14.34],[129.374,-14.355],[129.361,-14.382],[129.356,-14.419],[129.384,-14.42],[129.407,-14.433],[129.434,-14.477],[129.473,-14.494],[129.514,-14.53],[129.521,-14.547],[129.567,-14.563],[129.669,-14.58],[129.701,-14.564],[129.765,-14.543],[129.741,-14.579],[129.718,-14.584],[129.692,-14.613],[129.585,-14.614],[129.581,-14.641],[129.598,-14.674],[129.617,-14.679],[129.645,-14.715],[129.665,-14.726],[129.666,-14.756],[129.68,-14.767],[129.754,-14.803],[129.758,-14.824],[129.785,-14.827],[129.821,-14.818],[129.856,-14.786],[129.877,-14.807],[129.846,-14.829],[129.844,-14.843],[129.801,-14.858],[129.76,-14.845],[129.743,-14.851],[129.684,-14.849],[129.658,-14.836],[129.632,-14.844],[129.58,-14.798],[129.588,-14.842],[129.617,-14.869],[129.592,-14.891],[129.576,-14.856],[129.534,-14.807],[129.5,-14.803],[129.53,-14.844],[129.547,-14.88],[129.584,-14.942],[129.624,-14.956],[129.621,-14.999],[129.641,-15.042],[129.642,-15.079],[129.652,-15.099],[129.686,-15.131],[129.657,-15.139],[129.598,-15.133],[129.604,-15.108],[129.571,-15.064],[129.525,-15.028],[129.522,-15.006],[129.475,-14.937],[129.367,-14.903],[129.354,-14.876],[129.304,-14.857],[129.238,-14.839],[129.222,-14.855],[129.235,-14.914],[129.232,-14.951],[129.241,-14.98],[129.236,-15.014],[129.266,-15.033],[129.236,-15.068],[129.247,-15.096],[129.238,-15.129],[129.216,-15.153],[129.174,-15.149],[129.201,-15.121],[129.17,-15.052],[129.188,-14.986],[129.153,-14.967],[129.113,-14.934],[129.092,-14.907],[129.066,-14.891],[129.044,-14.902],[129.032,-14.886],[129.001,-14.88],[129.001,-15.263],[129,-15.433],[129,-15.859],[129,-16.124],[129,-16.462],[129,-16.657],[129,-17.165],[129,-17.505],[129,-18.241],[129,-18.496],[129,-18.822],[129,-19.018],[129,-19.343],[129.001,-20.999],[129.001,-21.232],[129.001,-21.867],[129,-22.247],[129.001,-23.021],[129.001,-23.44],[129.001,-23.822],[129.001,-24.137],[129.001,-25.661],[129.002,-25.999],[129.527,-25.999],[129.893,-25.999],[130.247,-25.999],[130.529,-25.999],[131.016,-25.999],[131.372,-25.999],[131.696,-25.999],[132.045,-25.999],[132.501,-25.999],[132.846,-25.999],[133.112,-25.999],[133.5,-25.999],[133.723,-25.999],[134.101,-25.999],[134.381,-25.999],[134.705,-25.999],[135.167,-25.999],[135.525,-25.999],[135.806,-25.999],[136.249,-25.998],[136.666,-25.998],[136.916,-25.998],[137.249,-25.997],[137.509,-25.997],[137.999,-25.997],[137.999,-25.546],[137.999,-25.14],[137.999,-24.835],[137.999,-24.385],[137.999,-23.872],[137.999,-23.521],[137.998,-23.164],[137.998,-22.743],[137.998,-22.452],[137.998,-22.075],[137.998,-21.842],[137.997,-21.493],[137.997,-21.194],[137.997,-20.792],[137.997,-20.548],[137.997,-20.224],[137.996,-19.952],[137.996,-19.676],[137.996,-19.293],[137.996,-19.06],[137.996,-18.616],[137.996,-18.178],[137.995,-17.786],[137.995,-17.422],[137.995,-16.913],[137.995,-16.538]]],[[[130.661,-11.403],[130.656,-11.377],[130.586,-11.401],[130.558,-11.385],[130.555,-11.362],[130.568,-11.34],[130.585,-11.342],[130.603,-11.322],[130.593,-11.288],[130.554,-11.266],[130.525,-11.283],[130.498,-11.269],[130.448,-11.21],[130.402,-11.166],[130.374,-11.169],[130.365,-11.258],[130.39,-11.275],[130.41,-11.306],[130.386,-11.347],[130.415,-11.397],[130.427,-11.427],[130.419,-11.456],[130.435,-11.48],[130.432,-11.499],[130.46,-11.535],[130.488,-11.549],[130.494,-11.566],[130.479,-11.594],[130.477,-11.621],[130.493,-11.655],[130.532,-11.681],[130.557,-11.674],[130.623,-11.725],[130.641,-11.748],[130.672,-11.763],[130.686,-11.796],[130.735,-11.809],[130.803,-11.845],[130.853,-11.85],[130.923,-11.903],[130.944,-11.937],[130.983,-11.928],[131.01,-11.894],[131.048,-11.882],[131.082,-11.836],[131.107,-11.83],[131.147,-11.805],[131.183,-11.791],[131.245,-11.741],[131.281,-11.74],[131.333,-11.683],[131.386,-11.588],[131.419,-11.608],[131.472,-11.607],[131.458,-11.585],[131.455,-11.547],[131.468,-11.502],[131.5,-11.468],[131.527,-11.477],[131.542,-11.459],[131.538,-11.416],[131.504,-11.385],[131.483,-11.398],[131.454,-11.342],[131.451,-11.318],[131.433,-11.311],[131.441,-11.273],[131.41,-11.256],[131.373,-11.288],[131.373,-11.262],[131.343,-11.249],[131.324,-11.274],[131.298,-11.27],[131.316,-11.232],[131.299,-11.204],[131.252,-11.193],[131.247,-11.219],[131.204,-11.237],[131.198,-11.27],[131.207,-11.302],[131.189,-11.333],[131.167,-11.31],[131.165,-11.264],[131.124,-11.254],[131.101,-11.291],[131.04,-11.319],[131.051,-11.347],[131.033,-11.367],[130.991,-11.355],[130.978,-11.338],[130.91,-11.311],[130.849,-11.355],[130.772,-11.365],[130.764,-11.375],[130.705,-11.386],[130.698,-11.42],[130.733,-11.427],[130.766,-11.484],[130.695,-11.466],[130.696,-11.447],[130.661,-11.403]]],[[[130.615,-11.736],[130.59,-11.715],[130.469,-11.667],[130.461,-11.616],[130.465,-11.577],[130.425,-11.547],[130.4,-11.54],[130.376,-11.508],[130.378,-11.485],[130.403,-11.449],[130.401,-11.424],[130.372,-11.396],[130.354,-11.339],[130.337,-11.318],[130.304,-11.34],[130.264,-11.342],[130.253,-11.373],[130.23,-11.406],[130.179,-11.434],[130.157,-11.491],[130.186,-11.485],[130.199,-11.509],[130.191,-11.539],[130.175,-11.558],[130.201,-11.586],[130.191,-11.64],[130.23,-11.642],[130.25,-11.667],[130.25,-11.698],[130.208,-11.653],[130.196,-11.654],[130.157,-11.705],[130.126,-11.703],[130.091,-11.671],[130.069,-11.686],[130.071,-11.729],[130.058,-11.766],[130.033,-11.756],[130.021,-11.774],[130.027,-11.799],[130.05,-11.824],[130.134,-11.823],[130.203,-11.806],[130.311,-11.771],[130.352,-11.779],[130.392,-11.801],[130.424,-11.805],[130.511,-11.83],[130.57,-11.818],[130.606,-11.827],[130.619,-11.81],[130.641,-11.755],[130.615,-11.736]]],[[[132.586,-11.144],[132.601,-11.144],[132.598,-11.077],[132.585,-11.049],[132.579,-11.005],[132.598,-10.976],[132.57,-10.974],[132.557,-10.994],[132.562,-11.027],[132.543,-11.044],[132.482,-11.071],[132.513,-11.091],[132.508,-11.142],[132.477,-11.159],[132.501,-11.2],[132.545,-11.255],[132.555,-11.309],[132.569,-11.33],[132.592,-11.331],[132.6,-11.3],[132.62,-11.287],[132.613,-11.224],[132.58,-11.162],[132.586,-11.144]]],[[[135.56,-12.036],[135.572,-12.069],[135.606,-12.033],[135.637,-12.018],[135.703,-12.003],[135.735,-12.002],[135.749,-11.972],[135.779,-11.976],[135.798,-11.964],[135.828,-11.929],[135.84,-11.903],[135.865,-11.872],[135.9,-11.853],[135.907,-11.826],[135.938,-11.803],[135.925,-11.772],[135.876,-11.757],[135.864,-11.773],[135.886,-11.792],[135.871,-11.834],[135.832,-11.861],[135.782,-11.91],[135.734,-11.939],[135.677,-11.933],[135.654,-11.968],[135.631,-11.975],[135.594,-11.953],[135.585,-11.981],[135.564,-12.004],[135.56,-12.036]]],[[[136.497,-11.413],[136.535,-11.444],[136.587,-11.384],[136.604,-11.346],[136.624,-11.329],[136.633,-11.296],[136.678,-11.245],[136.673,-11.223],[136.709,-11.208],[136.723,-11.149],[136.736,-11.131],[136.759,-11.024],[136.722,-11.044],[136.737,-11.078],[136.718,-11.123],[136.703,-11.134],[136.707,-11.168],[136.687,-11.194],[136.652,-11.19],[136.588,-11.279],[136.569,-11.343],[136.538,-11.368],[136.497,-11.413]]],[[[136.313,-11.598],[136.288,-11.606],[136.27,-11.585],[136.239,-11.601],[136.231,-11.646],[136.179,-11.648],[136.192,-11.677],[136.228,-11.653],[136.266,-11.659],[136.273,-11.618],[136.306,-11.631],[136.369,-11.58],[136.368,-11.558],[136.313,-11.598]]],[[[136.141,-12.045],[136.117,-12.058],[136.128,-12.074],[136.196,-12.064],[136.277,-12.031],[136.314,-12.007],[136.306,-11.976],[136.283,-11.974],[136.271,-12.003],[136.221,-12.034],[136.173,-12.023],[136.141,-12.045]]],[[[133.36,-11.637],[133.358,-11.665],[133.369,-11.682],[133.402,-11.662],[133.385,-11.64],[133.418,-11.636],[133.446,-11.619],[133.481,-11.618],[133.473,-11.598],[133.408,-11.585],[133.395,-11.602],[133.353,-11.623],[133.36,-11.637]]],[[[135.992,-11.716],[136.055,-11.651],[136.025,-11.639],[135.953,-11.679],[135.951,-11.697],[135.992,-11.716]]],[[[134.929,-12.097],[134.908,-12.067],[134.866,-12.071],[134.868,-12.126],[134.9,-12.14],[134.913,-12.132],[134.929,-12.097]]],[[[132.336,-12.094],[132.388,-12.139],[132.411,-12.138],[132.422,-12.121],[132.401,-12.076],[132.378,-12.073],[132.336,-12.094]]],[[[136.373,-11.564],[136.452,-11.53],[136.467,-11.508],[136.472,-11.467],[136.431,-11.499],[136.416,-11.519],[136.387,-11.532],[136.373,-11.564]]],[[[133.391,-11.495],[133.398,-11.523],[133.416,-11.527],[133.439,-11.506],[133.453,-11.516],[133.493,-11.515],[133.466,-11.465],[133.421,-11.491],[133.391,-11.495]]],[[[134.909,-12.033],[134.937,-12.049],[134.963,-12.052],[134.982,-12.036],[134.955,-12.016],[134.911,-12.023],[134.909,-12.033]]],[[[136.47,-11.849],[136.46,-11.866],[136.465,-11.897],[136.486,-11.886],[136.48,-11.842],[136.498,-11.81],[136.482,-11.799],[136.47,-11.849]]],[[[135.056,-11.954],[135.106,-11.942],[135.121,-11.925],[135.082,-11.915],[135.052,-11.92],[135.056,-11.954]]],[[[131.046,-12.094],[131.023,-12.099],[131.011,-12.123],[131.059,-12.127],[131.065,-12.105],[131.046,-12.094]]],[[[132.111,-11.612],[132.133,-11.628],[132.149,-11.604],[132.135,-11.569],[132.117,-11.574],[132.111,-11.612]]],[[[136.798,-12.119],[136.822,-12.121],[136.824,-12.073],[136.797,-12.089],[136.798,-12.119]]],[[[131.032,-12.058],[131.058,-12.05],[131.051,-12.03],[131.023,-12.036],[131.032,-12.058]]],[[[136.149,-12.175],[136.118,-12.169],[136.109,-12.199],[136.151,-12.195],[136.149,-12.175]]],[[[131.069,-12.072],[131.106,-12.075],[131.098,-12.053],[131.069,-12.072]]]]},"properties":{"code":"7","name":"Northern Territory"}},
{"type":"Feature","geometry":{"type":"Polygon","coordinates":[[[149.232,-35.222],[149.208,-35.216],[149.19,-35.194],[149.189,-35.166],[149.164,-35.142],[149.121,-35.124],[148.81,-35.307],[148.794,-35.339],[148.809,-35.382],[148.786,-35.409],[148.763,-35.495],[148.773,-35.568],[148.789,-35.588],[148.769,-35.604],[148.783,-35.628],[148.774,-35.655],[148.799,-35.667],[148.788,-35.698],[148.835,-35.741],[148.887,-35.719],[148.894,-35.751],[148.897,-35.818],[148.908,-35.851],[148.958,-35.892],[149.012,-35.9],[149.049,-35.92],[149.062,-35.88],[149.087,-35.848],[149.101,-35.815],[149.091,-35.766],[149.109,-35.697],[149.095,-35.677],[149.078,-35.586],[149.141,-35.589],[149.133,-35.549],[149.152,-35.493],[149.135,-35.454],[149.146,-35.415],[149.184,-35.379],[149.204,-35.348],[149.249,-35.33],[149.336,-35.34],[149.348,-35.35],[149.391,-35.331],[149.384,-35.306],[149.351,-35.299],[149.315,-35.276],[149.272,-35.271],[149.235,-35.24],[149.232,-35.222]]]},"properties":{"code":"8","name":"Australian Capital Territory"}}
]}